{
  "__type__": "cc.AnimationClip",
  "_name": "hint_fly_reset",
  "_objFlags": 0,
  "_rawFiles": null,
  "_duration": 0,
  "sample": 60,
  "speed": 1,
  "wrapMode": 1,
  "curveData": {
    "paths": {},
    "props": {
      "scaleX": [
        {
          "frame": 0,
          "value": 0
        }
      ],
      "scaleY": [
        {
          "frame": 0,
          "value": 0
        }
      ],
      "opacity": [
        {
          "frame": 0,
          "value": 255
        }
      ],
      "y": [
        {
          "frame": 0,
          "value": 0
        }
      ]
    }
  },
  "events": []
}