{
  "item-states": [
    {
      "folded": false,
      "id": "mount-assets"
    },
    {
      "folded": true,
      "id": "e5b59546-137c-48f6-a630-41b67b77e992"
    },
    {
      "folded": false,
      "id": "769dbd82-7994-4f80-a8c9-1ddb81c2ac6d"
    },
    {
      "folded": true,
      "id": "ca4ea03e-e5b7-4014-bb46-ae0a5c53edd6"
    },
    {
      "folded": true,
      "id": "e0b48d7a-5673-4644-b3a5-8f001777651e"
    },
    {
      "folded": false,
      "id": "1b206833-7148-41e6-a7b4-bb7afb39be27"
    },
    {
      "folded": true,
      "id": "3a2ed790-f4d7-4d47-b92b-443adfd79a7e"
    },
    {
      "folded": true,
      "id": "ba5b1174-3614-4ae9-9127-bf86e5a1676c"
    },
    {
      "folded": true,
      "id": "56933bc8-314e-4804-9c90-2976eb116953"
    },
    {
      "folded": true,
      "id": "877aec2c-1c5c-42f3-bb3e-47ee16b03d3e"
    },
    {
      "folded": true,
      "id": "862b2b3d-f16e-4636-ba1c-4cad828b1520"
    },
    {
      "folded": true,
      "id": "7f367979-155a-4a2d-8653-acc60d343de2"
    },
    {
      "folded": true,
      "id": "f6b256ee-82f2-4c10-8afd-3caf934f515b"
    },
    {
      "folded": true,
      "id": "96834746-c130-49c7-9b2d-bf9e5d782555"
    },
    {
      "folded": true,
      "id": "e812bab0-f074-4fe3-9d62-7614509edf66"
    },
    {
      "folded": true,
      "id": "046e0ccc-3bb9-4f40-bc0d-8022c13e29a7"
    },
    {
      "folded": true,
      "id": "dbc2594c-8188-4c66-ac3a-c963fc987aa5"
    },
    {
      "folded": true,
      "id": "8e6c0d73-3282-4833-b1e5-e8571defb4b5"
    },
    {
      "folded": true,
      "id": "71f4ceea-76f9-4987-ac6f-245a4a980493"
    },
    {
      "folded": true,
      "id": "b404009e-d4f3-408b-abc4-d683d95a4ddb"
    },
    {
      "folded": false,
      "id": "e6900cfa-3650-4efb-bc4a-2185f624debf"
    },
    {
      "folded": true,
      "id": "065b52a6-ebc6-4d25-8e72-f9c796a316e5"
    },
    {
      "folded": true,
      "id": "42d4cd97-abd0-4881-87ff-f39ce781151c"
    },
    {
      "folded": true,
      "id": "31a511b6-03c4-4b4a-822c-c525ab50e526"
    },
    {
      "folded": true,
      "id": "57d0b2ef-77b4-4e21-bbdc-18d35c373ead"
    },
    {
      "folded": true,
      "id": "17f69ee6-f3a6-46bb-8211-fc3077787d7d"
    },
    {
      "folded": true,
      "id": "7183e328-85d5-4cb6-8133-dd86e6aa221a"
    },
    {
      "folded": true,
      "id": "ddfa1c5a-b4d1-4229-9c99-69cb08ae9d94"
    },
    {
      "folded": true,
      "id": "150ca10d-1aad-4fb4-81d6-83cc47257eeb"
    },
    {
      "folded": true,
      "id": "d342de33-cd30-4548-9ac6-99acfa2924a1"
    },
    {
      "folded": true,
      "id": "9f4860ac-00ef-441c-b1be-eb8ceb7673d9"
    },
    {
      "folded": false,
      "id": "fa92e32b-1d59-4b7e-a8bd-4ab9553b7d64"
    },
    {
      "folded": true,
      "id": "92879eeb-6979-4f02-8dfc-3ce5d16240e9"
    },
    {
      "folded": true,
      "id": "5f2dbe21-e81a-4e66-80aa-5b9c9ad5de90"
    },
    {
      "folded": true,
      "id": "07d50afe-7cba-4bea-ae76-2049844e642d"
    },
    {
      "folded": true,
      "id": "fbd4e76e-2794-4c66-872d-a81a36260de0"
    },
    {
      "folded": true,
      "id": "6dc8ffb7-870a-40fe-b0c9-b1d0ff39f8dd"
    },
    {
      "folded": true,
      "id": "24ed3332-47f9-4320-8e49-d3623a4b64e1"
    },
    {
      "folded": true,
      "id": "41398b96-412c-4af8-822b-427ad4ea5ecc"
    },
    {
      "folded": true,
      "id": "f0a99a3d-f298-4b46-9298-db17fc34733d"
    },
    {
      "folded": true,
      "id": "99fe73c8-6249-40e0-a800-d982168c4523"
    },
    {
      "folded": true,
      "id": "2d486ca6-7437-49db-b10f-e264ee9e8a18"
    },
    {
      "folded": true,
      "id": "eff17dbb-da80-4ff0-b7f7-b156a1259927"
    },
    {
      "folded": true,
      "id": "99c054a8-3cac-4915-b1f3-f30accad05e3"
    },
    {
      "folded": true,
      "id": "ac69f620-7b97-4d0c-88ec-b56c7363fbe6"
    },
    {
      "folded": true,
      "id": "c47f4a04-7456-4792-a516-d1a7add42d49"
    },
    {
      "folded": true,
      "id": "382d2a1e-1bdf-45d8-a374-5c24294b0c21"
    },
    {
      "folded": true,
      "id": "29d73b06-e8da-482c-8b82-5587df431aa3"
    },
    {
      "folded": true,
      "id": "ac240ae4-d57f-44e7-a7c0-a5877fb3ae6f"
    },
    {
      "folded": true,
      "id": "666ab5e5-eb59-4635-93dc-6f5af55cc2e7"
    },
    {
      "folded": true,
      "id": "915ebfc9-9c59-4392-bac8-9be36aebe1d8"
    },
    {
      "folded": true,
      "id": "dbf1b6b0-2ff1-4b44-ba23-a305dcf6c16f"
    },
    {
      "folded": true,
      "id": "d7dc2d18-a05e-43fa-beb7-c26cf1fabae0"
    },
    {
      "folded": true,
      "id": "0b8a6335-31f5-4a2a-ae8e-d44392fcf2ae"
    },
    {
      "folded": true,
      "id": "4042aaa3-c975-455b-9c77-c7904cda9fd2"
    },
    {
      "folded": true,
      "id": "20bf253c-037d-4b36-a125-35cd96358a98"
    },
    {
      "folded": true,
      "id": "8a8b620e-0d43-42c6-89a8-3b2479403e80"
    },
    {
      "folded": true,
      "id": "14418231-cb4b-4744-bccd-3943de88f332"
    },
    {
      "folded": true,
      "id": "0f7e6892-2e33-4ecc-9e88-ac36a4b381e7"
    },
    {
      "folded": true,
      "id": "e11b054f-4903-4300-a188-f4edca76c43f"
    },
    {
      "folded": true,
      "id": "8b8c2ff8-024d-4f3b-b1e9-4a6789a5739f"
    },
    {
      "folded": true,
      "id": "be314162-406b-4292-83f9-fdd7b9db94a5"
    },
    {
      "folded": true,
      "id": "f60af00b-0a63-4cfd-9f8b-c1e4ecbf40cb"
    },
    {
      "folded": true,
      "id": "d41c2539-454f-4193-a0af-8be70796de6c"
    },
    {
      "folded": true,
      "id": "5ef65c48-43e1-4c06-927e-b6afd86fa65e"
    },
    {
      "folded": true,
      "id": "5c8bbb8e-aec4-408b-882f-1b3f923e4ef5"
    },
    {
      "folded": true,
      "id": "e7c50d31-efe2-41d9-b29b-4a5e626086e5"
    },
    {
      "folded": true,
      "id": "56c70275-9715-436f-aed0-d4ffb8b4e503"
    },
    {
      "folded": true,
      "id": "63c6c4f1-7773-4752-84ac-62fdb197c0f0"
    },
    {
      "folded": true,
      "id": "de9314df-34cb-4aff-a3cd-c1700aae64f3"
    },
    {
      "folded": true,
      "id": "b1f0b7ab-5b94-4b65-a19e-ee0046d9c055"
    },
    {
      "folded": true,
      "id": "ba83beb5-783f-4f8f-9d97-3cc38054c322"
    },
    {
      "folded": true,
      "id": "ce13c212-8ea9-471f-aac8-93631d5c6bb5"
    },
    {
      "folded": true,
      "id": "45b232f2-da37-4a27-bcad-c64d70912ea3"
    },
    {
      "folded": true,
      "id": "af5e655d-6270-45e3-817c-3841665b9694"
    },
    {
      "folded": true,
      "id": "0ce80268-8655-4cc1-92d3-a5fec304ccca"
    },
    {
      "folded": true,
      "id": "fa6a3b59-663b-4b07-9470-46e1fb4c542d"
    },
    {
      "folded": true,
      "id": "2bd3716c-50aa-498e-b509-6ada022f2923"
    },
    {
      "folded": true,
      "id": "53c1c1cc-8724-4c31-aa15-bac8b4e0fd29"
    },
    {
      "folded": true,
      "id": "ed9fde98-2992-460a-bb37-a99e17f4d022"
    },
    {
      "folded": true,
      "id": "f5abd857-6567-442a-b881-66407325b3f5"
    },
    {
      "folded": true,
      "id": "db95c1d2-07b2-44b8-a8e4-39982f0787dc"
    },
    {
      "folded": true,
      "id": "8325721f-e1de-41a5-a391-152632a71763"
    },
    {
      "folded": true,
      "id": "493a03d5-c375-42ba-beb7-bfaae1ba5ad0"
    },
    {
      "folded": true,
      "id": "eb278a04-ff3a-429f-bb1a-4fa7fb8e6411"
    },
    {
      "folded": true,
      "id": "d748c4ed-c31c-42e2-aa7f-b5bf40d595b3"
    },
    {
      "folded": true,
      "id": "92132f04-6db8-491f-a8b8-85351b330465"
    },
    {
      "folded": true,
      "id": "aa74e892-0d5f-485d-a5d7-6a4e90ad134b"
    },
    {
      "folded": true,
      "id": "1a37a4a7-4bb5-49bf-868f-9df713962d26"
    },
    {
      "folded": true,
      "id": "2747f592-6fe3-4474-b0f8-97b822ca62e9"
    },
    {
      "folded": true,
      "id": "4b4d72b2-7e32-4ce6-868a-381d7f8050c5"
    },
    {
      "folded": true,
      "id": "d70ed243-c97f-427c-86f9-3533c68c47a1"
    },
    {
      "folded": true,
      "id": "4683dc5f-c615-4804-bdb4-1c1dd918ac60"
    },
    {
      "folded": true,
      "id": "40e4a24c-992d-46a9-a732-46442ac9feb8"
    },
    {
      "folded": true,
      "id": "c01dee4e-7d8b-4ebc-bc8e-4b7522153b41"
    },
    {
      "folded": true,
      "id": "b8d00e4c-a514-415e-bc2c-75d9320fbf7b"
    },
    {
      "folded": true,
      "id": "a8501354-8738-48ff-a7bc-59fc978995f0"
    },
    {
      "folded": true,
      "id": "495d83a4-a5f9-491c-9888-3acc0a4cdd25"
    },
    {
      "folded": true,
      "id": "64fc5cf8-78db-4d68-835e-0580a8f80284"
    },
    {
      "folded": true,
      "id": "294a79fc-d348-4bd9-852e-c94b5d9edf36"
    },
    {
      "folded": true,
      "id": "e12236a7-8edb-476a-9fbe-488879bcaf10"
    },
    {
      "folded": true,
      "id": "fedcbbba-a1a9-4171-a6c5-e355ba73c8dc"
    },
    {
      "folded": true,
      "id": "c21d1591-e664-4125-b1aa-aa170933b036"
    },
    {
      "folded": true,
      "id": "0a5da8aa-18d0-4149-95c5-699116817504"
    },
    {
      "folded": true,
      "id": "4b7ea98c-a5da-4ed6-b2a5-a71bc0a55982"
    },
    {
      "folded": true,
      "id": "dde91567-8d6b-4fb8-8aba-f53c0f6bfdf7"
    },
    {
      "folded": true,
      "id": "74c56efe-e43c-4b5b-81a8-74d9eb6b2210"
    },
    {
      "folded": true,
      "id": "393f6abe-dcda-4eb1-b543-56fa6bf7dcba"
    },
    {
      "folded": true,
      "id": "ce955006-d703-4b28-bdcd-37b7416fed7e"
    },
    {
      "folded": true,
      "id": "502499f2-248a-4279-982a-9ba6f276ee87"
    },
    {
      "folded": true,
      "id": "9d20b608-3f7a-47d2-82aa-fe1e75424dcc"
    },
    {
      "folded": true,
      "id": "aaca9288-3e56-437a-ad45-ae036cfb8710"
    },
    {
      "folded": true,
      "id": "f97faeea-5305-459c-826e-7caa036d1218"
    },
    {
      "folded": true,
      "id": "c5d4acdc-2d3b-44e1-9113-ab99653cde14"
    },
    {
      "folded": true,
      "id": "5c99de6d-0fee-43de-b7d2-e0892f506e9a"
    },
    {
      "folded": true,
      "id": "7462f7ec-baa6-4693-bd7f-0f1ed6d56cbc"
    },
    {
      "folded": true,
      "id": "e1858ccb-a2ac-4cf5-8aa0-7558e1bc7c9d"
    },
    {
      "folded": true,
      "id": "31f19543-365f-4431-a535-e9f408638d60"
    },
    {
      "folded": true,
      "id": "47608087-dab8-49b1-87b8-8dd17203c004"
    },
    {
      "folded": true,
      "id": "473f7d72-9eda-4244-934b-b246a9f86766"
    },
    {
      "folded": true,
      "id": "a33f6369-b51d-45a9-8d07-117c259e94ea"
    },
    {
      "folded": true,
      "id": "695fc846-d442-4e88-8175-ee625f446d96"
    },
    {
      "folded": true,
      "id": "0416365d-d328-4601-ae2e-20744553010e"
    },
    {
      "folded": true,
      "id": "70a0ddd7-4989-43cb-af6c-cb04b4f00f02"
    },
    {
      "folded": true,
      "id": "dc5b654c-098a-40e2-afa9-92bd97df2bad"
    },
    {
      "folded": true,
      "id": "a54ad950-acf0-4d1e-af5e-2f76cdf35cd8"
    },
    {
      "folded": true,
      "id": "1d6ebe97-e127-4579-9e40-6c33b579fb36"
    },
    {
      "folded": true,
      "id": "ced6ba6d-4415-4606-9b75-e3e38b25c86c"
    },
    {
      "folded": true,
      "id": "0735fad4-fd01-48df-90ff-54341d10ebc0"
    },
    {
      "folded": true,
      "id": "8a0a04ec-8fa4-42c3-ba05-90e5d8fbb7ab"
    },
    {
      "folded": true,
      "id": "4a302a3e-128c-4554-9435-a5444b39b564"
    },
    {
      "folded": true,
      "id": "9d00b012-a549-47d6-9ed8-34133ae6ae32"
    },
    {
      "folded": true,
      "id": "fa814c93-df8b-4145-9e0e-c45db004d1bc"
    },
    {
      "folded": true,
      "id": "9577433b-aa3b-48d5-8d98-4908426442a7"
    },
    {
      "folded": true,
      "id": "151baf2a-0754-48d2-89c1-4aef3ff42638"
    },
    {
      "folded": true,
      "id": "55b593bb-9c97-4a9b-934e-198a87c93d16"
    },
    {
      "folded": true,
      "id": "eae0c4b9-bbbd-4c98-a469-24e237a83be0"
    },
    {
      "folded": true,
      "id": "45926b9e-95be-4d6f-a78a-c0bc13640d84"
    },
    {
      "folded": true,
      "id": "45873179-ddb4-4918-b531-26e6df900865"
    },
    {
      "folded": true,
      "id": "ddfd0ce0-1450-41ed-a85e-a56d693bb415"
    },
    {
      "folded": true,
      "id": "78cae137-74ef-49f4-8521-28b2f63cbe6d"
    },
    {
      "folded": true,
      "id": "157daa78-d033-4672-b27c-8fd15f48b0fa"
    },
    {
      "folded": true,
      "id": "53b9b1e0-a9c1-4b4f-af2a-d73960332bba"
    },
    {
      "folded": true,
      "id": "884bdcdf-33aa-4f17-a0ee-15c820f4408b"
    },
    {
      "folded": true,
      "id": "9536d7a8-056c-482a-a84f-344efdbafccf"
    },
    {
      "folded": true,
      "id": "d6379a7c-cc4a-456b-81e5-e8e48a13eb6c"
    },
    {
      "folded": true,
      "id": "b2a63013-1c8b-4b27-ab7f-0b7a93701982"
    },
    {
      "folded": true,
      "id": "f01117cb-d920-4a57-a534-ea0187c53113"
    },
    {
      "folded": true,
      "id": "a56a3ded-61ff-45a2-b733-c0e3302ed3d0"
    },
    {
      "folded": true,
      "id": "dc3de303-5668-4861-b731-a455cd2e2f4e"
    },
    {
      "folded": true,
      "id": "e365f529-e971-4265-9ec6-6930e4639a64"
    },
    {
      "folded": true,
      "id": "9b9a4d7e-aba5-4f65-afcf-c6cdd3879017"
    },
    {
      "folded": true,
      "id": "7e47659b-4028-4fbb-a866-96e2485eaf8a"
    },
    {
      "folded": true,
      "id": "37a823c0-9144-4ebb-9e6c-82d9151c1d1a"
    },
    {
      "folded": true,
      "id": "15c8b5e8-a968-4553-89ca-22b5a8318b94"
    },
    {
      "folded": true,
      "id": "db7fd3fa-5f8b-4a07-835e-83aee11916eb"
    },
    {
      "folded": true,
      "id": "786d20fc-9132-4720-a68e-82be4b036aa7"
    },
    {
      "folded": true,
      "id": "b7d5b60d-65f0-4a07-b0c3-832260d06a9c"
    },
    {
      "folded": true,
      "id": "b342c1a8-bcd2-4506-8dc4-59130b090f8f"
    },
    {
      "folded": true,
      "id": "d83921a8-a8f4-4d79-9329-3540bc3cfaba"
    },
    {
      "folded": true,
      "id": "56e5d024-3cc7-4033-b319-40b69ba00d6f"
    },
    {
      "folded": true,
      "id": "35d8ad27-5a11-412f-8632-877dbcf657ac"
    },
    {
      "folded": true,
      "id": "e6b3b50d-691e-48c2-9550-d0c1eaba8e16"
    },
    {
      "folded": true,
      "id": "10b5b83c-8d68-4d2c-9150-060c11250eee"
    },
    {
      "folded": true,
      "id": "a8cfb483-7f99-4950-82c3-8d22fe82c3c9"
    },
    {
      "folded": true,
      "id": "b6a82eb4-2e87-435d-a4a6-f26004d6f2dc"
    },
    {
      "folded": true,
      "id": "fc4370b5-05e7-4b81-992a-dd2084ee677a"
    },
    {
      "folded": true,
      "id": "35a07b58-65f3-4fa9-92f5-9a0042b2bcff"
    },
    {
      "folded": true,
      "id": "3596d0d8-8002-4ec4-8127-dde479d7e24a"
    },
    {
      "folded": true,
      "id": "c37ebd9d-89a7-4aba-b1a7-f1ab57af902f"
    },
    {
      "folded": true,
      "id": "d963a971-3fe4-4bc3-92b8-18bef94b026c"
    },
    {
      "folded": true,
      "id": "1a32bf66-6ad5-47c5-ba80-673064d13d69"
    },
    {
      "folded": true,
      "id": "8eaa4443-6b3a-4bcb-98a6-f7b88f65c2c6"
    },
    {
      "folded": true,
      "id": "5e379527-a1e3-4404-a9f6-4cfeabda028b"
    },
    {
      "folded": true,
      "id": "16785766-89e8-49ff-9b21-6e7624d54982"
    },
    {
      "folded": true,
      "id": "3f9828c8-dd2b-4053-b2f3-31030e48a581"
    },
    {
      "folded": true,
      "id": "da56508c-be82-4c2d-a124-71f50d341e11"
    },
    {
      "folded": true,
      "id": "451cf9f8-049a-4953-8076-74719d621c27"
    },
    {
      "folded": true,
      "id": "b6d9d36e-04fc-4d32-9ff4-6bf103503b9b"
    },
    {
      "folded": true,
      "id": "750cb22e-1767-4281-940b-9f207d28988d"
    },
    {
      "folded": true,
      "id": "7d503282-fdc8-46aa-a4d1-d2dc7e6538bb"
    },
    {
      "folded": true,
      "id": "c1942556-b256-41aa-bbe1-594cacdf03be"
    },
    {
      "folded": true,
      "id": "77daae9e-2b96-4478-9816-c0256f5f1e13"
    },
    {
      "folded": true,
      "id": "8b75b416-1688-4959-a474-1f394f2fdc71"
    },
    {
      "folded": true,
      "id": "01095d7c-daa1-4120-bf4a-9ff0e026c5e0"
    },
    {
      "folded": true,
      "id": "0f09c43f-1ba5-4202-a44a-82dbf3b5bfba"
    },
    {
      "folded": true,
      "id": "a937db6e-2d9c-4526-81fd-79f74bfe75aa"
    }
  ]
}