{
  "item-states": [
    {
      "folded": false,
      "id": "f58232l2WtEM4K043ozoy8+"
    },
    {
      "folded": false,
      "id": "2df5eazo1NJ44CpqPsL/MFQ"
    },
    {
      "folded": false,
      "id": "796fd/9SStFJoyD9tc8Lta6"
    },
    {
      "folded": true,
      "id": "290ebQwX7pHrqw/CeaXSTX2"
    },
    {
      "folded": false,
      "id": "e784eRYiCJGUZu6+wI1ousY"
    },
    {
      "folded": false,
      "id": "9fdd1HjaLhPO4MxPgOPCQjk"
    },
    {
      "folded": true,
      "id": "ce830wrhnpBe5Iq7AjaqtSt"
    },
    {
      "folded": false,
      "id": "292f6094IRKiK/rI46wgrqy"
    },
    {
      "folded": false,
      "id": "58e4dt1CTVNurjmW3hvbfUn"
    },
    {
      "folded": false,
      "id": "5a302DEtktDlalYYAqyAqka"
    },
    {
      "folded": false,
      "id": "c9348Wt7dNEL6T9APxWW0/H"
    },
    {
      "folded": false,
      "id": "820741m0DxM0p//Ct35uS6a"
    },
    {
      "folded": false,
      "id": "73f2a4slr9LGKmgKvW7DJAi"
    }
  ]
}