{
  "version": "1.1.0",
  "windows": {
    "main": {
      "layout": {
        "children": [
          {
            "children": [
              {
                "active": 0,
                "children": [
                  "hierarchy"
                ],
                "height": 206,
                "type": "panel",
                "width": 308
              },
              {
                "active": 0,
                "children": [
                  "assets"
                ],
                "height": 443,
                "type": "panel",
                "width": 308
              }
            ],
            "height": 652,
            "type": "dock-v",
            "width": 308
          },
          {
            "active": 0,
            "children": [
              "scene"
            ],
            "height": 652,
            "type": "panel",
            "width": 650
          },
          {
            "active": 0,
            "children": [
              "inspector"
            ],
            "height": 652,
            "type": "panel",
            "width": 300
          }
        ],
        "snapshot": true,
        "type": "dock-h"
      },
      "x": 3,
      "y": 23,
      "width": 1270,
      "height": 743
    },
    "window-1483089278624": {
      "x": 120,
      "y": 23,
      "width": 1025,
      "height": 687
    },
    "worker": {
      "x": 440,
      "y": 228,
      "width": 400,
      "height": 300
    }
  }
}