{
  "__type__": "cc.AnimationClip",
  "_name": "hint_fly",
  "_objFlags": 0,
  "_rawFiles": null,
  "_duration": 1.5,
  "sample": 60,
  "speed": 1,
  "wrapMode": 1,
  "curveData": {
    "paths": {},
    "props": {
      "scaleX": [
        {
          "frame": 0,
          "value": 0
        },
        {
          "frame": 0.16666666666666666,
          "value": 1
        }
      ],
      "scaleY": [
        {
          "frame": 0,
          "value": 0
        },
        {
          "frame": 0.16666666666666666,
          "value": 1
        }
      ],
      "y": [
        {
          "frame": 1,
          "value": 0
        },
        {
          "frame": 1.5,
          "value": 1000
        }
      ],
      "opacity": [
        {
          "frame": 1,
          "value": 255
        },
        {
          "frame": 1.5,
          "value": 0
        }
      ]
    }
  },
  "events": []
}