{
  "__type__": "cc.AnimationClip",
  "_name": "PopShow",
  "_objFlags": 0,
  "_rawFiles": null,
  "_duration": 0.3333333333333333,
  "sample": 60,
  "speed": 1,
  "wrapMode": 1,
  "curveData": {
    "props": {
      "scaleX": [
        {
          "frame": 0,
          "value": 0,
          "curve": [
            0.3,
            0.3,
            0.68,
            1.59
          ]
        },
        {
          "frame": 0.3333333333333333,
          "value": 1
        }
      ],
      "scaleY": [
        {
          "frame": 0,
          "value": 0,
          "curve": [
            0.3,
            0.3,
            0.68,
            1.59
          ]
        },
        {
          "frame": 0.3333333333333333,
          "value": 1
        }
      ]
    }
  },
  "events": []
}