{
  "__type__": "cc.AnimationClip",
  "_name": "PopHide",
  "_objFlags": 0,
  "_rawFiles": null,
  "_duration": 0.5,
  "sample": 60,
  "speed": 1,
  "wrapMode": 1,
  "curveData": {
    "props": {
      "scaleX": [
        {
          "frame": 0,
          "value": 1,
          "curve": "linear"
        },
        {
          "frame": 0.16666666666666666,
          "value": 1.2
        },
        {
          "frame": 0.5,
          "value": 0
        }
      ],
      "scaleY": [
        {
          "frame": 0,
          "value": 1
        },
        {
          "frame": 0.16666666666666666,
          "value": 1.2
        },
        {
          "frame": 0.5,
          "value": 0
        }
      ]
    }
  },
  "events": []
}