{
	"nodeBaseinfo":[
		{
			"Fnode_id": 1,
			"Fnode_name": "新手场",
			"Farea_id": 1,
			"Farea_seq": 1,
			"Fdesc": "斗地主测试",
			"Fopen_ts": 0,
			"Fopen_in_day": 0,
			"Fopen_interval": 0,
			"Fmin_count": 0,
			"Fmax_count": 0,
			"Fsign_mode_1": "",
			"Fsign_mode_2": "",
			"Fphase_1_mode": 101,
			"Fphase_1_param1": 0,
			"Fphase_1_param2": 0,
			"Fphase_1_param3": "",
			"Fphase_1_param4": "",
			"Fphase_2_mode": 0,
			"Fphase_2_param1": 0,
			"Fphase_2_param2": 0,
			"Fphase_2_param3": "",
			"Fphase_2_param4": "",
			"Fphase_3_mode": 0,
			"Fphase_3_param1": 0,
			"Fphase_3_param2": 0,
			"Fphase_3_param3": "",
			"Fphase_3_param4": "",
			"Faward_n": "",
			"Faward_win_continue": "",
			"Faward_for_level": "",
			"Faward_from_pool": 0,
			"Faward_for_make": "2;10;",
			"Fcheck_enter_room": "2;1000;",
			"Fcheck_pre_fight": "2;10;",
			"Fcheck_after_fight": "2;1000;",
			"Fparam1":1,
			"Fparam2":196611,
			"Fparam3":1,
			"Fparam4":2,
			"Fparam5":10,
			"Fparam6":0,
			"Fparam7":0,
			"Fparam8":0,
			"Fparam9":0,
			"Fparam10":0,
			"Fparam11":0,
			"Fparam12":0
		},
		{
			"Fnode_id": 2,
			"Fnode_name": "新手场",
			"Farea_id": 5,
			"Farea_seq": 1,
			"Fdesc": "斗牛测试",
			"Fopen_ts": 0,
			"Fopen_in_day": 0,
			"Fopen_interval": 0,
			"Fmin_count": 0,
			"Fmax_count": 0,
			"Fsign_mode_1": "",
			"Fsign_mode_2": "",
			"Fphase_1_mode": 0,
			"Fphase_1_param1": 0,
			"Fphase_1_param2": 0,
			"Fphase_1_param3": "",
			"Fphase_1_param4": "",
			"Fphase_2_mode": 0,
			"Fphase_2_param1": 0,
			"Fphase_2_param2": 0,
			"Fphase_2_param3": "",
			"Fphase_2_param4": "",
			"Fphase_3_mode": 0,
			"Fphase_3_param1": 0,
			"Fphase_3_param2": 0,
			"Fphase_3_param3": "",
			"Fphase_3_param4": "",
			"Faward_n": "",
			"Faward_win_continue": "",
			"Faward_for_level": "",
			"Faward_from_pool": 0,
			"Faward_for_make": "2;10;",
			"Fcheck_enter_room": "2;1000;",
			"Fcheck_pre_fight": "2;10;",
			"Fcheck_after_fight": "2;1000;",
			"Fparam1":1,
			"Fparam2":131077,
			"Fparam3":1,
			"Fparam4":2,
			"Fparam5":10,
			"Fparam6":0,
			"Fparam7":0,
			"Fparam8":0,
			"Fparam9":0,
			"Fparam10":0,
			"Fparam11":0,
			"Fparam12":0
		},
		{
			"Fnode_id": 3,
			"Fnode_name": "两人对战",
			"Farea_id": 9,
			"Farea_seq": 1,
			"Fdesc": "火炮测试",
			"Fopen_ts": 0,
			"Fopen_in_day": 0,
			"Fopen_interval": 0,
			"Fmin_count": 0,
			"Fmax_count": 0,
			"Fsign_mode_1": "",
			"Fsign_mode_2": "",
			"Fphase_1_mode": 0,
			"Fphase_1_param1": 0,
			"Fphase_1_param2": 0,
			"Fphase_1_param3": "",
			"Fphase_1_param4": "",
			"Fphase_2_mode": 0,
			"Fphase_2_param1": 0,
			"Fphase_2_param2": 0,
			"Fphase_2_param3": "",
			"Fphase_2_param4": "",
			"Fphase_3_mode": 0,
			"Fphase_3_param1": 0,
			"Fphase_3_param2": 0,
			"Fphase_3_param3": "",
			"Fphase_3_param4": "",
			"Faward_n": "",
			"Faward_win_continue": "",
			"Faward_for_level": "",
			"Faward_from_pool": 0,
			"Faward_for_make": "2;10;",
			"Fcheck_enter_room": "2;1000;",
			"Fcheck_pre_fight": "2;10;",
			"Fcheck_after_fight": "2;1000;",
			"Fparam1":4,
			"Fparam2":131074,
			"Fparam3":1,
			"Fparam4":2,
			"Fparam5":10,
			"Fparam6":0,
			"Fparam7":0,
			"Fparam8":7,
			"Fparam9":9,
			"Fparam10":300,
			"Fparam11":0,
			"Fparam12":0
		},
		{
			"Fnode_id": 4,
			"Fnode_name": "三人混战",
			"Farea_id": 9,
			"Farea_seq": 2,
			"Fdesc": "火炮3P测试",
			"Fopen_ts": 0,
			"Fopen_in_day": 0,
			"Fopen_interval": 0,
			"Fmin_count": 0,
			"Fmax_count": 0,
			"Fsign_mode_1": "",
			"Fsign_mode_2": "",
			"Fphase_1_mode": 0,
			"Fphase_1_param1": 0,
			"Fphase_1_param2": 0,
			"Fphase_1_param3": "",
			"Fphase_1_param4": "",
			"Fphase_2_mode": 0,
			"Fphase_2_param1": 0,
			"Fphase_2_param2": 0,
			"Fphase_2_param3": "",
			"Fphase_2_param4": "",
			"Fphase_3_mode": 0,
			"Fphase_3_param1": 0,
			"Fphase_3_param2": 0,
			"Fphase_3_param3": "",
			"Fphase_3_param4": "",
			"Faward_n": "",
			"Faward_win_continue": "",
			"Faward_for_level": "",
			"Faward_from_pool": 0,
			"Faward_for_make": "2;10;",
			"Fcheck_enter_room": "2;1000;",
			"Fcheck_pre_fight": "2;10;",
			"Fcheck_after_fight": "2;1000;",
			"Fparam1":4,
			"Fparam2":196611,
			"Fparam3":1,
			"Fparam4":2,
			"Fparam5":10,
			"Fparam6":0,
			"Fparam7":0,
			"Fparam8":9,
			"Fparam9":12,
			"Fparam10":300,
			"Fparam11":1,
			"Fparam12":0
		},
		{
			"Fnode_id": 5,
			"Fnode_name": "新手场",
			"Farea_id": 10,
			"Farea_seq": 1,
			"Fdesc": "红包测试",
			"Fopen_ts": 0,
			"Fopen_in_day": 0,
			"Fopen_interval": 0,
			"Fmin_count": 0,
			"Fmax_count": 0,
			"Fsign_mode_1": "",
			"Fsign_mode_2": "",
			"Fphase_1_mode": 0,
			"Fphase_1_param1": 0,
			"Fphase_1_param2": 0,
			"Fphase_1_param3": "",
			"Fphase_1_param4": "",
			"Fphase_2_mode": 0,
			"Fphase_2_param1": 0,
			"Fphase_2_param2": 0,
			"Fphase_2_param3": "",
			"Fphase_2_param4": "",
			"Fphase_3_mode": 0,
			"Fphase_3_param1": 0,
			"Fphase_3_param2": 0,
			"Fphase_3_param3": "",
			"Fphase_3_param4": "",
			"Faward_n": "",
			"Faward_win_continue": "",
			"Faward_for_level": "",
			"Faward_from_pool": 0,
			"Faward_for_make": "2;10;",
			"Fcheck_enter_room": "2;1000;",
			"Fcheck_pre_fight": "2;10;",
			"Fcheck_after_fight": "2;1000;",
			"Fparam1":8,
			"Fparam2":30,
			"Fparam3":1,
			"Fparam4":2,
			"Fparam5":10,
			"Fparam6":0,
			"Fparam7":0,
			"Fparam8":0,
			"Fparam9":0,
			"Fparam10":0,
			"Fparam11":0,
			"Fparam12":0
		},
		{
			"Fnode_id": 6,
			"Fnode_name": "人满即开",
			"Farea_id": 2,
			"Farea_seq": 1,
			"Fdesc": "斗地主比赛测试",
			"Fopen_ts": 0,
			"Fopen_in_day": 0,
			"Fopen_interval": 0,
			"Fmin_count": 30,
			"Fmax_count": 30,
			"Fsign_mode_1": "",
			"Fsign_mode_2": "",
			"Fphase_1_mode": 2,
			"Fphase_1_param1": 327681,
			"Fphase_1_param2": 655960,
			"Fphase_1_param3": "30;24;12;6;3;1;",
			"Fphase_1_param4": "",
			"Fphase_2_mode": 0,
			"Fphase_2_param1": 0,
			"Fphase_2_param2": 0,
			"Fphase_2_param3": "",
			"Fphase_2_param4": "",
			"Fphase_3_mode": 0,
			"Fphase_3_param1": 0,
			"Fphase_3_param2": 0,
			"Fphase_3_param3": "",
			"Fphase_3_param4": "",
			"Faward_n": "",
			"Faward_win_continue": "",
			"Faward_for_level": "||||2;10;|2;100;|",
			"Faward_from_pool": 0,
			"Faward_for_make": "",
			"Fcheck_enter_room": "",
			"Fcheck_pre_fight": "",
			"Fcheck_after_fight": "",
			"Fparam1":16,
			"Fparam2":196611,
			"Fparam3":1,
			"Fparam4":2,
			"Fparam5":10,
			"Fparam6":0,
			"Fparam7":0,
			"Fparam8":0,
			"Fparam9":0,
			"Fparam10":0,
			"Fparam11":0,
			"Fparam12":0
		},
		{
			"Fnode_id": 7,
			"Fnode_name": "综合比赛",
			"Farea_id": 2,
			"Farea_seq": 2,
			"Fdesc": "斗地主比赛测试",
			"Fopen_ts": 0,
			"Fopen_in_day": 0,
			"Fopen_interval": 600,
			"Fmin_count": 60,
			"Fmax_count": 60,
			"Fsign_mode_1": "2;10;|2;10;|",
			"Fsign_mode_2": "",
			"Fphase_1_mode": 1,
			"Fphase_1_param1": 5000,
			"Fphase_1_param2": 3276830,
			"Fphase_1_param3": "10;50;100;1000;2000;4000;8000;",
			"Fphase_1_param4": "300;20;600;50;1000;200;",
			"Fphase_2_mode": 2,
			"Fphase_2_param1": 327681,
			"Fphase_2_param2": 655960,
			"Fphase_2_param3": "30;24;12;6;3;1;",
			"Fphase_2_param4": "100;1000;10000;100000;",
			"Fphase_3_mode": 0,
			"Fphase_3_param1": 0,
			"Fphase_3_param2": 0,
			"Fphase_3_param3": "",
			"Fphase_3_param4": "",
			"Faward_n": "",
			"Faward_win_continue": "",
			"Faward_for_level": "2;50;|*2;100;|2;200;|2;300;|2;400;|2;500;|2;1000;|*",
			"Faward_from_pool": 0,
			"Faward_for_make": "",
			"Fcheck_enter_room": "",
			"Fcheck_pre_fight": "",
			"Fcheck_after_fight": "",
			"Fparam1":16,
			"Fparam2":196611,
			"Fparam3":1,
			"Fparam4":2,
			"Fparam5":10,
			"Fparam6":0,
			"Fparam7":0,
			"Fparam8":0,
			"Fparam9":0,
			"Fparam10":0,
			"Fparam11":0,
			"Fparam12":0
		},
		{
			"Fnode_id": 8,
			"Fnode_name": "新手场",
			"Farea_id": 11,
			"Farea_seq": 1,
			"Fdesc": "大众麻将测试",
			"Fopen_ts": 0,
			"Fopen_in_day": 0,
			"Fopen_interval": 0,
			"Fmin_count": 0,
			"Fmax_count": 0,
			"Fsign_mode_1": "",
			"Fsign_mode_2": "",
			"Fphase_1_mode": 0,
			"Fphase_1_param1": 0,
			"Fphase_1_param2": 0,
			"Fphase_1_param3": "",
			"Fphase_1_param4": "",
			"Fphase_2_mode": 0,
			"Fphase_2_param1": 0,
			"Fphase_2_param2": 0,
			"Fphase_2_param3": "",
			"Fphase_2_param4": "",
			"Fphase_3_mode": 0,
			"Fphase_3_param1": 0,
			"Fphase_3_param2": 0,
			"Fphase_3_param3": "",
			"Fphase_3_param4": "",
			"Faward_n": "",
			"Faward_win_continue": "",
			"Faward_for_level": "",
			"Faward_from_pool": 0,
			"Faward_for_make": "2;10;",
			"Fcheck_enter_room": "2;1000;",
			"Fcheck_pre_fight": "2;10;",
			"Fcheck_after_fight": "2;1000;",
			"Fparam1":1,
			"Fparam2":262148,
			"Fparam3":1,
			"Fparam4":2,
			"Fparam5":10,
			"Fparam6":0,
			"Fparam7":0,
			"Fparam8":0,
			"Fparam9":0,
			"Fparam10":0,
			"Fparam11":0,
			"Fparam12":0
		},
		{
			"Fnode_id": 9,
			"Fnode_name": "初级场",
			"Farea_id": 1,
			"Farea_seq": 2,
			"Fdesc": "斗地主测试",
			"Fopen_ts": 0,
			"Fopen_in_day": 0,
			"Fopen_interval": 0,
			"Fmin_count": 0,
			"Fmax_count": 0,
			"Fsign_mode_1": "",
			"Fsign_mode_2": "",
			"Fphase_1_mode": 101,
			"Fphase_1_param1": 0,
			"Fphase_1_param2": 0,
			"Fphase_1_param3": "",
			"Fphase_1_param4": "",
			"Fphase_2_mode": 0,
			"Fphase_2_param1": 0,
			"Fphase_2_param2": 0,
			"Fphase_2_param3": "",
			"Fphase_2_param4": "",
			"Fphase_3_mode": 0,
			"Fphase_3_param1": 0,
			"Fphase_3_param2": 0,
			"Fphase_3_param3": "",
			"Fphase_3_param4": "",
			"Faward_n": "",
			"Faward_win_continue": "",
			"Faward_for_level": "",
			"Faward_from_pool": 0,
			"Faward_for_make": "2;10;",
			"Fcheck_enter_room": "2;1000;",
			"Fcheck_pre_fight": "2;10;",
			"Fcheck_after_fight": "2;1000;",
			"Fparam1":1,
			"Fparam2":196611,
			"Fparam3":1,
			"Fparam4":2,
			"Fparam5":50,
			"Fparam6":0,
			"Fparam7":100000,
			"Fparam8":0,
			"Fparam9":0,
			"Fparam10":0,
			"Fparam11":0,
			"Fparam12":0
		},
		{
			"Fnode_id": 10,
			"Fnode_name": "普通场",
			"Farea_id": 1,
			"Farea_seq": 3,
			"Fdesc": "斗地主测试",
			"Fopen_ts": 0,
			"Fopen_in_day": 0,
			"Fopen_interval": 0,
			"Fmin_count": 0,
			"Fmax_count": 0,
			"Fsign_mode_1": "",
			"Fsign_mode_2": "",
			"Fphase_1_mode": 101,
			"Fphase_1_param1": 0,
			"Fphase_1_param2": 0,
			"Fphase_1_param3": "",
			"Fphase_1_param4": "",
			"Fphase_2_mode": 0,
			"Fphase_2_param1": 0,
			"Fphase_2_param2": 0,
			"Fphase_2_param3": "",
			"Fphase_2_param4": "",
			"Fphase_3_mode": 0,
			"Fphase_3_param1": 0,
			"Fphase_3_param2": 0,
			"Fphase_3_param3": "",
			"Fphase_3_param4": "",
			"Faward_n": "",
			"Faward_win_continue": "",
			"Faward_for_level": "",
			"Faward_from_pool": 0,
			"Faward_for_make": "2;10;",
			"Fcheck_enter_room": "2;1000;",
			"Fcheck_pre_fight": "2;10;",
			"Fcheck_after_fight": "2;1000;",
			"Fparam1":1,
			"Fparam2":196611,
			"Fparam3":1,
			"Fparam4":2,
			"Fparam5":100,
			"Fparam6":0,
			"Fparam7":1000000,
			"Fparam8":0,
			"Fparam9":0,
			"Fparam10":0,
			"Fparam11":0,
			"Fparam12":0
		},
		{
			"Fnode_id": 11,
			"Fnode_name": "中级场",
			"Farea_id": 1,
			"Farea_seq": 4,
			"Fdesc": "斗地主测试",
			"Fopen_ts": 0,
			"Fopen_in_day": 0,
			"Fopen_interval": 0,
			"Fmin_count": 0,
			"Fmax_count": 0,
			"Fsign_mode_1": "",
			"Fsign_mode_2": "",
			"Fphase_1_mode": 101,
			"Fphase_1_param1": 0,
			"Fphase_1_param2": 0,
			"Fphase_1_param3": "",
			"Fphase_1_param4": "",
			"Fphase_2_mode": 0,
			"Fphase_2_param1": 0,
			"Fphase_2_param2": 0,
			"Fphase_2_param3": "",
			"Fphase_2_param4": "",
			"Fphase_3_mode": 0,
			"Fphase_3_param1": 0,
			"Fphase_3_param2": 0,
			"Fphase_3_param3": "",
			"Fphase_3_param4": "",
			"Faward_n": "",
			"Faward_win_continue": "",
			"Faward_for_level": "",
			"Faward_from_pool": 0,
			"Faward_for_make": "2;10;",
			"Fcheck_enter_room": "2;1000;",
			"Fcheck_pre_fight": "2;10;",
			"Fcheck_after_fight": "2;1000;",
			"Fparam1":1,
			"Fparam2":196611,
			"Fparam3":1,
			"Fparam4":2,
			"Fparam5":500,
			"Fparam6":0,
			"Fparam7":10000000,
			"Fparam8":0,
			"Fparam9":0,
			"Fparam10":0,
			"Fparam11":0,
			"Fparam12":0
		},
		{
			"Fnode_id": 12,
			"Fnode_name": "高级场",
			"Farea_id": 1,
			"Farea_seq": 5,
			"Fdesc": "斗地主测试",
			"Fopen_ts": 0,
			"Fopen_in_day": 0,
			"Fopen_interval": 0,
			"Fmin_count": 0,
			"Fmax_count": 0,
			"Fsign_mode_1": "",
			"Fsign_mode_2": "",
			"Fphase_1_mode": 101,
			"Fphase_1_param1": 0,
			"Fphase_1_param2": 0,
			"Fphase_1_param3": "",
			"Fphase_1_param4": "",
			"Fphase_2_mode": 0,
			"Fphase_2_param1": 0,
			"Fphase_2_param2": 0,
			"Fphase_2_param3": "",
			"Fphase_2_param4": "",
			"Fphase_3_mode": 0,
			"Fphase_3_param1": 0,
			"Fphase_3_param2": 0,
			"Fphase_3_param3": "",
			"Fphase_3_param4": "",
			"Faward_n": "",
			"Faward_win_continue": "",
			"Faward_for_level": "",
			"Faward_from_pool": 0,
			"Faward_for_make": "2;10;",
			"Fcheck_enter_room": "2;1000;",
			"Fcheck_pre_fight": "2;10;",
			"Fcheck_after_fight": "2;1000;",
			"Fparam1":1,
			"Fparam2":196611,
			"Fparam3":1,
			"Fparam4":2,
			"Fparam5":1000,
			"Fparam6":0,
			"Fparam7":0,
			"Fparam8":0,
			"Fparam9":0,
			"Fparam10":0,
			"Fparam11":0,
			"Fparam12":0
		},
		{
			"Fnode_id": 13,
			"Fnode_name": "顶级场",
			"Farea_id": 1,
			"Farea_seq": 6,
			"Fdesc": "斗地主测试",
			"Fopen_ts": 0,
			"Fopen_in_day": 0,
			"Fopen_interval": 0,
			"Fmin_count": 0,
			"Fmax_count": 0,
			"Fsign_mode_1": "",
			"Fsign_mode_2": "",
			"Fphase_1_mode": 101,
			"Fphase_1_param1": 0,
			"Fphase_1_param2": 0,
			"Fphase_1_param3": "",
			"Fphase_1_param4": "",
			"Fphase_2_mode": 0,
			"Fphase_2_param1": 0,
			"Fphase_2_param2": 0,
			"Fphase_2_param3": "",
			"Fphase_2_param4": "",
			"Fphase_3_mode": 0,
			"Fphase_3_param1": 0,
			"Fphase_3_param2": 0,
			"Fphase_3_param3": "",
			"Fphase_3_param4": "",
			"Faward_n": "",
			"Faward_win_continue": "",
			"Faward_for_level": "",
			"Faward_from_pool": 0,
			"Faward_for_make": "2;10;",
			"Fcheck_enter_room": "2;1000;",
			"Fcheck_pre_fight": "2;10;",
			"Fcheck_after_fight": "2;1000;",
			"Fparam1":1,
			"Fparam2":196611,
			"Fparam3":1,
			"Fparam4":2,
			"Fparam5":10000,
			"Fparam6":0,
			"Fparam7":0,
			"Fparam8":0,
			"Fparam9":0,
			"Fparam10":0,
			"Fparam11":0,
			"Fparam12":0
		},
		{
			"Fnode_id": 14,
			"Fnode_name": "新手场",
			"Farea_id": 12,
			"Farea_seq": 1,
			"Fdesc": "赢三张测试",
			"Fopen_ts": 0,
			"Fopen_in_day": 0,
			"Fopen_interval": 0,
			"Fmin_count": 0,
			"Fmax_count": 0,
			"Fsign_mode_1": "",
			"Fsign_mode_2": "",
			"Fphase_1_mode": 101,
			"Fphase_1_param1": 0,
			"Fphase_1_param2": 0,
			"Fphase_1_param3": "",
			"Fphase_1_param4": "",
			"Fphase_2_mode": 0,
			"Fphase_2_param1": 0,
			"Fphase_2_param2": 0,
			"Fphase_2_param3": "",
			"Fphase_2_param4": "",
			"Fphase_3_mode": 0,
			"Fphase_3_param1": 0,
			"Fphase_3_param2": 0,
			"Fphase_3_param3": "",
			"Fphase_3_param4": "",
			"Faward_n": "",
			"Faward_win_continue": "",
			"Faward_for_level": "",
			"Faward_from_pool": 0,
			"Faward_for_make": "2;10;",
			"Fcheck_enter_room": "2;1000;",
			"Fcheck_pre_fight": "2;10;",
			"Fcheck_after_fight": "2;1000;",
			"Fparam1":1,
			"Fparam2":131077,
			"Fparam3":1,
			"Fparam4":2,
			"Fparam5":10,
			"Fparam6":0,
			"Fparam7":0,
			"Fparam8":0,
			"Fparam9":0,
			"Fparam10":0,
			"Fparam11":0,
			"Fparam12":0
		},
		{
			"Fnode_id": 15,
			"Fnode_name": "新手场",
			"Farea_id": 13,
			"Farea_seq": 1,
			"Fdesc": "血流测试",
			"Fopen_ts": 0,
			"Fopen_in_day": 0,
			"Fopen_interval": 0,
			"Fmin_count": 0,
			"Fmax_count": 0,
			"Fsign_mode_1": "",
			"Fsign_mode_2": "",
			"Fphase_1_mode": 101,
			"Fphase_1_param1": 0,
			"Fphase_1_param2": 0,
			"Fphase_1_param3": "",
			"Fphase_1_param4": "",
			"Fphase_2_mode": 0,
			"Fphase_2_param1": 0,
			"Fphase_2_param2": 0,
			"Fphase_2_param3": "",
			"Fphase_2_param4": "",
			"Fphase_3_mode": 0,
			"Fphase_3_param1": 0,
			"Fphase_3_param2": 0,
			"Fphase_3_param3": "",
			"Fphase_3_param4": "",
			"Faward_n": "",
			"Faward_win_continue": "",
			"Faward_for_level": "",
			"Faward_from_pool": 0,
			"Faward_for_make": "2;10;",
			"Fcheck_enter_room": "2;1000;",
			"Fcheck_pre_fight": "2;10;",
			"Fcheck_after_fight": "2;1000;",
			"Fparam1":1,
			"Fparam2":262148,
			"Fparam3":1,
			"Fparam4":2,
			"Fparam5":10,
			"Fparam6":0,
			"Fparam7":0,
			"Fparam8":0,
			"Fparam9":0,
			"Fparam10":0,
			"Fparam11":0,
			"Fparam12":0
		},
		{
			"Fnode_id": 16,
			"Fnode_name": "新手场",
			"Farea_id": 14,
			"Farea_seq": 1,
			"Fdesc": "血战测试",
			"Fopen_ts": 0,
			"Fopen_in_day": 0,
			"Fopen_interval": 0,
			"Fmin_count": 0,
			"Fmax_count": 0,
			"Fsign_mode_1": "",
			"Fsign_mode_2": "",
			"Fphase_1_mode": 101,
			"Fphase_1_param1": 0,
			"Fphase_1_param2": 0,
			"Fphase_1_param3": "",
			"Fphase_1_param4": "",
			"Fphase_2_mode": 0,
			"Fphase_2_param1": 0,
			"Fphase_2_param2": 0,
			"Fphase_2_param3": "",
			"Fphase_2_param4": "",
			"Fphase_3_mode": 0,
			"Fphase_3_param1": 0,
			"Fphase_3_param2": 0,
			"Fphase_3_param3": "",
			"Fphase_3_param4": "",
			"Faward_n": "",
			"Faward_win_continue": "",
			"Faward_for_level": "",
			"Faward_from_pool": 0,
			"Faward_for_make": "2;10;",
			"Fcheck_enter_room": "2;1000;",
			"Fcheck_pre_fight": "2;10;",
			"Fcheck_after_fight": "2;1000;",
			"Fparam1":1,
			"Fparam2":262148,
			"Fparam3":1,
			"Fparam4":2,
			"Fparam5":10,
			"Fparam6":0,
			"Fparam7":0,
			"Fparam8":0,
			"Fparam9":0,
			"Fparam10":0,
			"Fparam11":0,
			"Fparam12":0
		}
	]
}
