{
  "e5b59546-137c-48f6-a630-41b67b77e992": {
    "asset": 1482545626000,
    "meta": 1482893605000,
    "relativePath": "Global"
  },
  "e0b48d7a-5673-4644-b3a5-8f001777651e": {
    "asset": 1481877301000,
    "meta": 1482893605000,
    "relativePath": "Global/qisuLib"
  },
  "862b2b3d-f16e-4636-ba1c-4cad828b1520": {
    "asset": 1481877301000,
    "meta": 1482893606000,
    "relativePath": "Global/qisuLib/base"
  },
  "85178b8d-3d3b-4b9f-b648-075121ab1480": {
    "asset": 1481877301000,
    "meta": 1482893606000,
    "relativePath": "Global/qisuLib/base/md5.js"
  },
  "61a91089-70db-4402-a863-b191e4309bce": {
    "asset": 1481877301000,
    "meta": 1482893606000,
    "relativePath": "Global/qisuLib/base/Utils.js"
  },
  "877aec2c-1c5c-42f3-bb3e-47ee16b03d3e": {
    "asset": 1481877301000,
    "meta": 1482893606000,
    "relativePath": "Global/qisuLib/comm"
  },
  "f41693b8-1a4b-4c85-9159-0b13e370cda4": {
    "asset": 1481877301000,
    "meta": 1482893606000,
    "relativePath": "Global/qisuLib/comm/ProtocolItem.js"
  },
  "7d9d2af6-a740-4157-9aaf-ea5247802491": {
    "asset": 1481877301000,
    "meta": 1482893606000,
    "relativePath": "Global/qisuLib/comm/ProtocolMessage.js"
  },
  "a6b72d39-c1a7-45ba-9980-aba2863a01fc": {
    "asset": 1481877301000,
    "meta": 1482893606000,
    "relativePath": "Global/qisuLib/comm/ServerInfo.js"
  },
  "6850cbde-28b4-4251-b45b-1b016fb2ccbb": {
    "asset": 1481877301000,
    "meta": 1482893606000,
    "relativePath": "Global/qisuLib/comm/USocket.js"
  },
  "046e0ccc-3bb9-4f40-bc0d-8022c13e29a7": {
    "asset": 1481877301000,
    "meta": 1482893606000,
    "relativePath": "Global/qisuLib/qisuFrame"
  },
  "ddfa1c5a-b4d1-4229-9c99-69cb08ae9d94": {
    "asset": 1482311952000,
    "meta": 1482893606000,
    "relativePath": "Global/qisuLib/qisuFrame/Audio"
  },
  "7183e328-85d5-4cb6-8133-dd86e6aa221a": {
    "asset": 1481877301000,
    "meta": 1482893606000,
    "relativePath": "Global/qisuLib/qisuFrame/Hint"
  },
  "cbad3a26-8062-4aa4-ab11-f137fcfb292f": {
    "asset": 1481877301000,
    "meta": 1482893607000,
    "relativePath": "Global/qisuLib/qisuFrame/Audio/AudioManager.js"
  },
  "24ed3332-47f9-4320-8e49-d3623a4b64e1": {
    "asset": 1481877301000,
    "meta": 1482893607000,
    "relativePath": "Global/qisuLib/qisuFrame/HotUpdate"
  },
  "82d6b632-01d1-44c6-b637-dcb6a895e8e1": {
    "asset": 1481877301000,
    "meta": 1482893607000,
    "relativePath": "Global/qisuLib/qisuFrame/Hint/HintManager.js"
  },
  "91efa6f8-7db1-4aec-962b-6f36e3383ef9": {
    "asset": 1481877301000,
    "meta": 1482893607000,
    "relativePath": "Global/qisuLib/qisuFrame/HotUpdate/gameHotUpdate.js"
  },
  "87e924f2-1a2e-4b18-954c-40355b06b435": {
    "asset": 1481877301000,
    "meta": 1482893607000,
    "relativePath": "Global/qisuLib/qisuFrame/HotUpdate/HotUpdate.js"
  },
  "57d0b2ef-77b4-4e21-bbdc-18d35c373ead": {
    "asset": 1481877301000,
    "meta": 1482893607000,
    "relativePath": "Global/qisuLib/qisuFrame/Load"
  },
  "2ad71e1d-ffb8-4cf6-9377-45949d7f5881": {
    "asset": 1481940174000,
    "meta": 1482893607000,
    "relativePath": "Global/qisuLib/qisuFrame/Load/LoadManager.js"
  },
  "ac69f620-7b97-4d0c-88ec-b56c7363fbe6": {
    "asset": 1481877301000,
    "meta": 1482893607000,
    "relativePath": "Global/qisuLib/qisuFrame/sceneGlobal"
  },
  "ba5b1174-3614-4ae9-9127-bf86e5a1676c": {
    "asset": 1481877301000,
    "meta": 1482893607000,
    "relativePath": "Global/qisuLib/Show"
  },
  "ce1eb44f-a185-4dca-8bab-a2bf4a7ee8f1": {
    "asset": 1482242770000,
    "meta": 1482893607000,
    "relativePath": "Global/qisuLib/qisuFrame/sceneGlobal/global.fire"
  },
  "8d8b28a9-2841-4f55-a2f7-42b632c8341c": {
    "asset": 1481877301000,
    "meta": 1482893607000,
    "relativePath": "Global/qisuLib/Show/Avg_Black_White.js"
  },
  "ee347b2a-4cdc-433c-baa9-b18462be1414": {
    "asset": 1481877301000,
    "meta": 1482893607000,
    "relativePath": "Global/qisuLib/Show/ButtonScaler.js"
  },
  "d6b289d0-2146-46fc-a353-efe8113eb03b": {
    "asset": 1481877301000,
    "meta": 1482893607000,
    "relativePath": "Global/qisuLib/Show/NodeFader.js"
  },
  "fc45ffb5-a180-4337-b4c0-fd7401cb0cbe": {
    "asset": 1481877301000,
    "meta": 1482893607000,
    "relativePath": "Global/qisuLib/Show/NodeScaler.js"
  },
  "f3184e23-0387-4cf3-8d9d-651f6fda0317": {
    "asset": 1481877301000,
    "meta": 1482893607000,
    "relativePath": "Global/qisuLib/Show/SceneEntry.js"
  },
  "b404009e-d4f3-408b-abc4-d683d95a4ddb": {
    "asset": 1481877301000,
    "meta": 1482893607000,
    "relativePath": "Global/qisuLib/Show/Shaders"
  },
  "bc9e8cfd-1ceb-461a-8ce8-b539c4ff7cd5": {
    "asset": 1481877301000,
    "meta": 1482893607000,
    "relativePath": "Global/qisuLib/Show/Shaders/ccShader_Avg_Black_White_Frag.js"
  },
  "c73de0bb-e9f1-438a-a1ed-46be0e8ddcf4": {
    "asset": 1481877301000,
    "meta": 1482893607000,
    "relativePath": "Global/qisuLib/Show/Shaders/ccShader_Default_Vert_noMVP.js"
  },
  "6da6274a-8dbd-49b5-8dca-d14dd868d0ba": {
    "asset": 1481877301000,
    "meta": 1482893607000,
    "relativePath": "Global/qisuLib/Show/Shaders/ccShader_Default_Vert.js"
  },
  "ca4ea03e-e5b7-4014-bb46-ae0a5c53edd6": {
    "asset": 1482311952000,
    "meta": 1482893607000,
    "relativePath": "Global/service"
  },
  "dbc2594c-8188-4c66-ac3a-c963fc987aa5": {
    "asset": 1482243487000,
    "meta": 1482893607000,
    "relativePath": "Global/service/controller"
  },
  "567248c5-bba4-4ddd-b78c-f93dfdec03e3": {
    "asset": 1482213675000,
    "meta": 1482893607000,
    "relativePath": "Global/service/ConstDef.js"
  },
  "56933bc8-314e-4804-9c90-2976eb116953": {
    "asset": 1481877301000,
    "meta": 1482893607000,
    "relativePath": "Global/service/data"
  },
  "9074b11c-e222-49d2-84ec-23be7a17f704": {
    "asset": 1482243277000,
    "meta": 1482893607000,
    "relativePath": "Global/service/controller/main.js"
  },
  "1b434b59-9d1d-4631-809d-1e6bba3249cd": {
    "asset": 1482241251000,
    "meta": 1482893607000,
    "relativePath": "Global/service/data/SelfData.js"
  },
  "2f5c54c2-dfbb-4659-a63b-8480f1d8a04b": {
    "asset": 1481877301000,
    "meta": 1482893607000,
    "relativePath": "Global/service/data/ServerData.js"
  },
  "769dbd82-7994-4f80-a8c9-1ddb81c2ac6d": {
    "asset": 1482892940000,
    "meta": 1482893607000,
    "relativePath": "resources"
  },
  "3a2ed790-f4d7-4d47-b92b-443adfd79a7e": {
    "asset": 1481877301000,
    "meta": 1482893607000,
    "relativePath": "resources/common"
  },
  "96834746-c130-49c7-9b2d-bf9e5d782555": {
    "asset": 1481896009000,
    "meta": 1482893607000,
    "relativePath": "resources/common/audio"
  },
  "8dab0596-8e8a-4196-885d-81d5fb8a1d9b": {
    "asset": 1480053497000,
    "meta": 1481896009000,
    "relativePath": "resources/common/audio/begin.wav"
  },
  "255eed3b-b8a3-4b9c-90e2-acd36e91d82f": {
    "asset": 1480053497000,
    "meta": 1481896009000,
    "relativePath": "resources/common/audio/bgm2.mp3"
  },
  "a2c053f7-5245-44ab-bc1a-e9003a835943": {
    "asset": 1480053497000,
    "meta": 1481877301000,
    "relativePath": "resources/common/audio/button.mp3"
  },
  "97df5e8f-31a5-4096-a1be-bd5e2c3b304e": {
    "asset": 1480053497000,
    "meta": 1481896009000,
    "relativePath": "resources/common/audio/card_deal.mp3"
  },
  "9f008b12-e6dc-4e04-8cda-6679ace95570": {
    "asset": 1480053497000,
    "meta": 1481896009000,
    "relativePath": "resources/common/audio/chips_place.mp3"
  },
  "feaa04a5-ebf3-4455-869d-5f893220f8af": {
    "asset": 1480053497000,
    "meta": 1481896009000,
    "relativePath": "resources/common/audio/lose.wav"
  },
  "268506df-cd55-4b6e-97a2-0fc61e463438": {
    "asset": 1480053497000,
    "meta": 1481896009000,
    "relativePath": "resources/common/audio/win.wav"
  },
  "f6b256ee-82f2-4c10-8afd-3caf934f515b": {
    "asset": 1481877301000,
    "meta": 1482893607000,
    "relativePath": "resources/common/base"
  },
  "99fe73c8-6249-40e0-a800-d982168c4523": {
    "asset": 1481877301000,
    "meta": 1482893607000,
    "relativePath": "resources/common/base/loadSceneImg"
  },
  "fa6a3b59-663b-4b07-9470-46e1fb4c542d": {
    "asset": 1481877301000,
    "meta": 1482893607000,
    "relativePath": "resources/common/base/loadSceneImg/logo.png"
  },
  "dde91567-8d6b-4fb8-8aba-f53c0f6bfdf7": {
    "asset": 1481877301000,
    "meta": 1482893607000,
    "relativePath": "resources/common/base/loadSceneImg/progressBar.png"
  },
  "fedcbbba-a1a9-4171-a6c5-e355ba73c8dc": {
    "asset": 1481877301000,
    "meta": 1482893607000,
    "relativePath": "resources/common/base/loadSceneImg/progressBG.png"
  },
  "17f69ee6-f3a6-46bb-8211-fc3077787d7d": {
    "asset": 1481877301000,
    "meta": 1482893607000,
    "relativePath": "resources/common/base/popAnim"
  },
  "89f25f85-f8e8-426a-8ffc-6b5c2511a047": {
    "asset": 1481877301000,
    "meta": 1482893607000,
    "relativePath": "resources/common/base/popAnim/hint_fly_reset.anim"
  },
  "e985e548-fe89-43a0-90c4-e718554df56a": {
    "asset": 1481877301000,
    "meta": 1482893607000,
    "relativePath": "resources/common/base/popAnim/hint_fly.anim"
  },
  "01d5df03-5a82-43f7-b670-6bb5a73a05ef": {
    "asset": 1481877301000,
    "meta": 1482893607000,
    "relativePath": "resources/common/base/popAnim/PopHide.anim"
  },
  "763fa531-61f8-4782-b964-ccbe730471ff": {
    "asset": 1481877301000,
    "meta": 1482893607000,
    "relativePath": "resources/common/base/popAnim/PopHideReset.anim"
  },
  "c8f1edc4-bea3-4bf5-92c5-4e81e9503302": {
    "asset": 1481877301000,
    "meta": 1482893607000,
    "relativePath": "resources/common/base/popAnim/PopShow.anim"
  },
  "92485a2f-a6d9-4a31-b57c-1638ddd3fae1": {
    "asset": 1481877301000,
    "meta": 1482893607000,
    "relativePath": "resources/common/base/popAnim/PopShowReset.anim"
  },
  "31a511b6-03c4-4b4a-822c-c525ab50e526": {
    "asset": 1481877301000,
    "meta": 1482893607000,
    "relativePath": "resources/common/base/popImg"
  },
  "db95c1d2-07b2-44b8-a8e4-39982f0787dc": {
    "asset": 1481877301000,
    "meta": 1482893607000,
    "relativePath": "resources/common/base/popImg/bg_fly_hint.png"
  },
  "e12236a7-8edb-476a-9fbe-488879bcaf10": {
    "asset": 1481877301000,
    "meta": 1482893607000,
    "relativePath": "resources/common/base/loadSceneImg/background.png"
  },
  "20bf253c-037d-4b36-a125-35cd96358a98": {
    "asset": 1481877301000,
    "meta": 1482893607000,
    "relativePath": "resources/common/base/popImg/btn_bg.png"
  },
  "7f367979-155a-4a2d-8653-acc60d343de2": {
    "asset": 1481877301000,
    "meta": 1482893607000,
    "relativePath": "resources/common/font"
  },
  "ca9892fa-92a5-4935-83ff-4eb132f4d37c": {
    "asset": 1481877301000,
    "meta": 1482893607000,
    "relativePath": "resources/common/font/CFB1 American Patriot Normal.ttf"
  },
  "4042aaa3-c975-455b-9c77-c7904cda9fd2": {
    "asset": 1481877301000,
    "meta": 1482893607000,
    "relativePath": "resources/common/base/popImg/bg_tip.png"
  },
  "f5771232-a3e4-4c0e-aa37-e1f686069471": {
    "asset": 1481877301000,
    "meta": 1482893607000,
    "relativePath": "resources/common/font/huakang_W12.ttf"
  },
  "d41c2539-454f-4193-a0af-8be70796de6c": {
    "asset": 1481877301000,
    "meta": 1482893607000,
    "relativePath": "resources/common/font/light_yellow_0.png"
  },
  "8e6c0d73-3282-4833-b1e5-e8571defb4b5": {
    "asset": 1481877301000,
    "meta": 1482893607000,
    "relativePath": "resources/common/jsonConf"
  },
  "08bcc47c-d9f5-467b-8476-75a3ea3c6897": {
    "asset": 1481877301000,
    "meta": 1482893607000,
    "relativePath": "resources/common/font/light_yellow.fnt"
  },
  "e812bab0-f074-4fe3-9d62-7614509edf66": {
    "asset": 1482200249000,
    "meta": 1482893607000,
    "relativePath": "resources/common/prefab"
  },
  "5f2dbe21-e81a-4e66-80aa-5b9c9ad5de90": {
    "asset": 1482200269000,
    "meta": 1482893607000,
    "relativePath": "resources/common/prefab/backGoods"
  },
  "e159b187-003f-43a7-abe4-630af5e5007b": {
    "asset": 1482216662000,
    "meta": 1482893607000,
    "relativePath": "resources/common/prefab/backGoods/backGoods.js"
  },
  "9f4860ac-00ef-441c-b1be-eb8ceb7673d9": {
    "asset": 1482225236000,
    "meta": 1482893607000,
    "relativePath": "resources/common/prefab/chatItem"
  },
  "feec1e82-60da-4740-805a-a057dc719763": {
    "asset": 1482216636000,
    "meta": 1482893607000,
    "relativePath": "resources/common/prefab/backGoods/backGoods.prefab"
  },
  "47e62d81-3f66-4244-b956-2f6f7a0c6bb4": {
    "asset": 1482234661000,
    "meta": 1482893607000,
    "relativePath": "resources/common/prefab/chatItem/chat.js"
  },
  "915ebfc9-9c59-4392-bac8-9be36aebe1d8": {
    "asset": 1482225236000,
    "meta": 1482893607000,
    "relativePath": "resources/common/prefab/chatItem/image"
  },
  "8cfc9f3a-3a80-478f-a7f8-f213f942b278": {
    "asset": 1482234777000,
    "meta": 1482893607000,
    "relativePath": "resources/common/prefab/chatItem/chatItem.prefab"
  },
  "0416365d-d328-4601-ae2e-20744553010e": {
    "asset": 1482196924000,
    "meta": 1482893607000,
    "relativePath": "resources/common/prefab/chatItem/image/other_bubble.png"
  },
  "42d4cd97-abd0-4881-87ff-f39ce781151c": {
    "asset": 1481877301000,
    "meta": 1482893607000,
    "relativePath": "resources/common/prefab/game"
  },
  "473f7d72-9eda-4244-934b-b246a9f86766": {
    "asset": 1482196925000,
    "meta": 1482893607000,
    "relativePath": "resources/common/prefab/chatItem/image/self_bubble.png"
  },
  "65df380b-3e9d-4573-a8a4-7e60602e56d4": {
    "asset": 1481943825000,
    "meta": 1482893607000,
    "relativePath": "resources/common/prefab/game/game.js"
  },
  "d342de33-cd30-4548-9ac6-99acfa2924a1": {
    "asset": 1481877301000,
    "meta": 1482893607000,
    "relativePath": "resources/common/prefab/message"
  },
  "d02c2cf2-4203-4408-a9f0-c044022eed6c": {
    "asset": 1481877301000,
    "meta": 1482893607000,
    "relativePath": "resources/common/prefab/game/game.prefab"
  },
  "bb486b24-0831-40f3-9196-b1d2420418f0": {
    "asset": 1482235274000,
    "meta": 1482893607000,
    "relativePath": "resources/common/prefab/message/message.js"
  },
  "71f4ceea-76f9-4987-ac6f-245a4a980493": {
    "asset": 1482283562000,
    "meta": 1482893607000,
    "relativePath": "resources/common/textures"
  },
  "f42955ed-2f6e-4b57-8268-d621c5f9e979": {
    "asset": 1481877301000,
    "meta": 1482893607000,
    "relativePath": "resources/common/prefab/message/message.prefab"
  },
  "f60af00b-0a63-4cfd-9f8b-c1e4ecbf40cb": {
    "asset": 1481877301000,
    "meta": 1482893607000,
    "relativePath": "resources/common/textures/add_friend.png"
  },
  "63c6c4f1-7773-4752-84ac-62fdb197c0f0": {
    "asset": 1481877301000,
    "meta": 1482893607000,
    "relativePath": "resources/common/textures/bg_fly_hint.png"
  },
  "e7c50d31-efe2-41d9-b29b-4a5e626086e5": {
    "asset": 1481877301000,
    "meta": 1482893607000,
    "relativePath": "resources/common/textures/bg_progress.png"
  },
  "29d73b06-e8da-482c-8b82-5587df431aa3": {
    "asset": 1481877301000,
    "meta": 1482893607000,
    "relativePath": "resources/common/textures/bg_tip.png"
  },
  "150ca10d-1aad-4fb4-81d6-83cc47257eeb": {
    "asset": 1482206078000,
    "meta": 1482893607000,
    "relativePath": "resources/common/textures/chat"
  },
  "382d2a1e-1bdf-45d8-a374-5c24294b0c21": {
    "asset": 1481877301000,
    "meta": 1482893607000,
    "relativePath": "resources/common/textures/btn_bg.png"
  },
  "64fc5cf8-78db-4d68-835e-0580a8f80284": {
    "asset": 1482204664000,
    "meta": 1482893607000,
    "relativePath": "resources/common/textures/chat/icon_express.png"
  },
  "8325721f-e1de-41a5-a391-152632a71763": {
    "asset": 1482204666000,
    "meta": 1482893607000,
    "relativePath": "resources/common/textures/chat/icon_plus.png"
  },
  "8a8b620e-0d43-42c6-89a8-3b2479403e80": {
    "asset": 1479797449000,
    "meta": 1482893608000,
    "relativePath": "resources/common/textures/contentBg.png"
  },
  "1a37a4a7-4bb5-49bf-868f-9df713962d26": {
    "asset": 1482204665000,
    "meta": 1482893608000,
    "relativePath": "resources/common/textures/chat/icon_voice.png"
  },
  "fbd4e76e-2794-4c66-872d-a81a36260de0": {
    "asset": 1481877301000,
    "meta": 1482893608000,
    "relativePath": "resources/common/textures/find.png"
  },
  "2d486ca6-7437-49db-b10f-e264ee9e8a18": {
    "asset": 1481877301000,
    "meta": 1482893608000,
    "relativePath": "resources/common/textures/grid.png"
  },
  "b1f0b7ab-5b94-4b65-a19e-ee0046d9c055": {
    "asset": 1481279329000,
    "meta": 1482893608000,
    "relativePath": "resources/common/textures/icon_friend.png"
  },
  "07d50afe-7cba-4bea-ae76-2049844e642d": {
    "asset": 1481877301000,
    "meta": 1482893608000,
    "relativePath": "resources/common/textures/head.png"
  },
  "92132f04-6db8-491f-a8b8-85351b330465": {
    "asset": 1481877301000,
    "meta": 1482893608000,
    "relativePath": "resources/common/textures/iconCommunity2.png"
  },
  "d748c4ed-c31c-42e2-aa7f-b5bf40d595b3": {
    "asset": 1481877301000,
    "meta": 1482893608000,
    "relativePath": "resources/common/textures/iconCommunity1.png"
  },
  "de9314df-34cb-4aff-a3cd-c1700aae64f3": {
    "asset": 1481877301000,
    "meta": 1482893608000,
    "relativePath": "resources/common/textures/iconFriend1.png"
  },
  "56c70275-9715-436f-aed0-d4ffb8b4e503": {
    "asset": 1481877301000,
    "meta": 1482893608000,
    "relativePath": "resources/common/textures/iconFriend2.png"
  },
  "be314162-406b-4292-83f9-fdd7b9db94a5": {
    "asset": 1481877301000,
    "meta": 1482893608000,
    "relativePath": "resources/common/textures/iconGame1.png"
  },
  "8b8c2ff8-024d-4f3b-b1e9-4a6789a5739f": {
    "asset": 1481877301000,
    "meta": 1482893608000,
    "relativePath": "resources/common/textures/iconGame2.png"
  },
  "e11b054f-4903-4300-a188-f4edca76c43f": {
    "asset": 1481877301000,
    "meta": 1482893608000,
    "relativePath": "resources/common/textures/iconHome1.png"
  },
  "0f7e6892-2e33-4ecc-9e88-ac36a4b381e7": {
    "asset": 1481877301000,
    "meta": 1482893608000,
    "relativePath": "resources/common/textures/iconHome2.png"
  },
  "d7dc2d18-a05e-43fa-beb7-c26cf1fabae0": {
    "asset": 1481877301000,
    "meta": 1482893608000,
    "relativePath": "resources/common/textures/iconShop1.png"
  },
  "14418231-cb4b-4744-bccd-3943de88f332": {
    "asset": 1481877301000,
    "meta": 1482893608000,
    "relativePath": "resources/common/textures/iconShop2.png"
  },
  "41398b96-412c-4af8-822b-427ad4ea5ecc": {
    "asset": 1481877301000,
    "meta": 1482893608000,
    "relativePath": "resources/common/textures/logo.png"
  },
  "eff17dbb-da80-4ff0-b7f7-b156a1259927": {
    "asset": 1481877301000,
    "meta": 1482893608000,
    "relativePath": "resources/common/textures/mask.png"
  },
  "065b52a6-ebc6-4d25-8e72-f9c796a316e5": {
    "asset": 1482199355000,
    "meta": 1482893608000,
    "relativePath": "resources/common/textures/my"
  },
  "ac240ae4-d57f-44e7-a7c0-a5877fb3ae6f": {
    "asset": 1481877301000,
    "meta": 1482893608000,
    "relativePath": "resources/common/textures/my/head.png"
  },
  "ba83beb5-783f-4f8f-9d97-3cc38054c322": {
    "asset": 1481877301000,
    "meta": 1482893608000,
    "relativePath": "resources/common/textures/my/icon_back.png"
  },
  "af5e655d-6270-45e3-817c-3841665b9694": {
    "asset": 1481877301000,
    "meta": 1482893608000,
    "relativePath": "resources/common/textures/my/icon_clock.png"
  },
  "74c56efe-e43c-4b5b-81a8-74d9eb6b2210": {
    "asset": 1481877301000,
    "meta": 1482893608000,
    "relativePath": "resources/common/textures/my/icon_collect_game.png"
  },
  "c47f4a04-7456-4792-a516-d1a7add42d49": {
    "asset": 1481877301000,
    "meta": 1482893608000,
    "relativePath": "resources/common/textures/LoadBG.png"
  },
  "b8d00e4c-a514-415e-bc2c-75d9320fbf7b": {
    "asset": 1481877301000,
    "meta": 1482893608000,
    "relativePath": "resources/common/textures/my/icon_customer.png"
  },
  "4b4d72b2-7e32-4ce6-868a-381d7f8050c5": {
    "asset": 1481877301000,
    "meta": 1482893608000,
    "relativePath": "resources/common/textures/my/icon_diamond.png"
  },
  "5ef65c48-43e1-4c06-927e-b6afd86fa65e": {
    "asset": 1481877301000,
    "meta": 1482893608000,
    "relativePath": "resources/common/textures/my/icon_dou.png"
  },
  "53c1c1cc-8724-4c31-aa15-bac8b4e0fd29": {
    "asset": 1481877301000,
    "meta": 1482893608000,
    "relativePath": "resources/common/textures/my/icon_email.png"
  },
  "eb278a04-ff3a-429f-bb1a-4fa7fb8e6411": {
    "asset": 1481877301000,
    "meta": 1482893608000,
    "relativePath": "resources/common/textures/my/icon_family.png"
  },
  "a8501354-8738-48ff-a7bc-59fc978995f0": {
    "asset": 1481877301000,
    "meta": 1482893608000,
    "relativePath": "resources/common/textures/my/icon_feedback.png"
  },
  "ce13c212-8ea9-471f-aac8-93631d5c6bb5": {
    "asset": 1481877301000,
    "meta": 1482893608000,
    "relativePath": "resources/common/textures/my/icon_game.png"
  },
  "495d83a4-a5f9-491c-9888-3acc0a4cdd25": {
    "asset": 1481877301000,
    "meta": 1482893608000,
    "relativePath": "resources/common/textures/my/icon_info_tip.png"
  },
  "0ce80268-8655-4cc1-92d3-a5fec304ccca": {
    "asset": 1481877301000,
    "meta": 1482893608000,
    "relativePath": "resources/common/textures/my/icon_match.png"
  },
  "45b232f2-da37-4a27-bcad-c64d70912ea3": {
    "asset": 1481877301000,
    "meta": 1482893608000,
    "relativePath": "resources/common/textures/my/icon_order.png"
  },
  "4683dc5f-c615-4804-bdb4-1c1dd918ac60": {
    "asset": 1481877301000,
    "meta": 1482893608000,
    "relativePath": "resources/common/textures/my/icon_publish.png"
  },
  "40e4a24c-992d-46a9-a732-46442ac9feb8": {
    "asset": 1481877301000,
    "meta": 1482893608000,
    "relativePath": "resources/common/textures/my/icon_question.png"
  },
  "d70ed243-c97f-427c-86f9-3533c68c47a1": {
    "asset": 1481877301000,
    "meta": 1482893608000,
    "relativePath": "resources/common/textures/my/icon_setting.png"
  },
  "99c054a8-3cac-4915-b1f3-f30accad05e3": {
    "asset": 1482201158000,
    "meta": 1482893608000,
    "relativePath": "resources/common/textures/my/myBack"
  },
  "f5abd857-6567-442a-b881-66407325b3f5": {
    "asset": 1481877301000,
    "meta": 1482893608000,
    "relativePath": "resources/common/textures/my/icon_wallet.png"
  },
  "4b7ea98c-a5da-4ed6-b2a5-a71bc0a55982": {
    "asset": 1482201044000,
    "meta": 1482893608000,
    "relativePath": "resources/common/textures/my/myBack/0x80000001.png"
  },
  "0a5da8aa-18d0-4149-95c5-699116817504": {
    "asset": 1482201043000,
    "meta": 1482893608000,
    "relativePath": "resources/common/textures/my/myBack/background.png"
  },
  "1b206833-7148-41e6-a7b4-bb7afb39be27": {
    "asset": 1482893969000,
    "meta": 1482893978000,
    "relativePath": "resources/Games"
  },
  "5c8bbb8e-aec4-408b-882f-1b3f923e4ef5": {
    "asset": 1481877301000,
    "meta": 1482893608000,
    "relativePath": "resources/common/textures/progressBar.png"
  },
  "e6900cfa-3650-4efb-bc4a-2185f624debf": {
    "asset": 1482893969000,
    "meta": 1482893978000,
    "relativePath": "resources/Games/Yingsanzhang"
  },
  "92879eeb-6979-4f02-8dfc-3ce5d16240e9": {
    "asset": 1482893969000,
    "meta": 1482893978000,
    "relativePath": "resources/Games/Yingsanzhang/res"
  },
  "9955de3e-1c5b-42f3-b49b-7fd002742ba9": {
    "asset": 1482545870000,
    "meta": 1482893978000,
    "relativePath": "resources/Games/Yingsanzhang/res/anim"
  },
  "808285fc-55d7-405e-aad8-0a1dc2e74041": {
    "asset": 1482545878000,
    "meta": 1482893978000,
    "relativePath": "resources/Games/Yingsanzhang/res/audio"
  },
  "666ab5e5-eb59-4635-93dc-6f5af55cc2e7": {
    "asset": 1482893771000,
    "meta": 1482893978000,
    "relativePath": "resources/Games/Yingsanzhang/res/font"
  },
  "8d095d5d-13bc-4049-b613-699845c286d1": {
    "asset": 1482804636000,
    "meta": 1482893978000,
    "relativePath": "resources/Games/Yingsanzhang/res/font/blue_font.fnt"
  },
  "65c9b695-4319-4a22-9a9d-3e522925c9fb": {
    "asset": 1482804636000,
    "meta": 1482893978000,
    "relativePath": "resources/Games/Yingsanzhang/res/font/CFB1 American Patriot Normal.ttf"
  },
  "f97faeea-5305-459c-826e-7caa036d1218": {
    "asset": 1482804636000,
    "meta": 1482893978000,
    "relativePath": "resources/Games/Yingsanzhang/res/font/blue_font_0.png"
  },
  "9568f252-0995-4e26-8913-397d654e6de1": {
    "asset": 1482804636000,
    "meta": 1482893978000,
    "relativePath": "resources/Games/Yingsanzhang/res/font/gold_font.fnt"
  },
  "c5d4acdc-2d3b-44e1-9113-ab99653cde14": {
    "asset": 1482804636000,
    "meta": 1482893978000,
    "relativePath": "resources/Games/Yingsanzhang/res/font/gold_font_0.png"
  },
  "a424a183-679d-4bfb-8efa-defe5380cd50": {
    "asset": 1482804636000,
    "meta": 1482893978000,
    "relativePath": "resources/Games/Yingsanzhang/res/font/green_font.fnt"
  },
  "488e2a6f-75a4-43c7-b59d-5c66c1e2ad53": {
    "asset": 1482804596000,
    "meta": 1482893978000,
    "relativePath": "resources/Games/Yingsanzhang/res/font/huakang_W12.ttf"
  },
  "a33f6369-b51d-45a9-8d07-117c259e94ea": {
    "asset": 1482804636000,
    "meta": 1482893978000,
    "relativePath": "resources/Games/Yingsanzhang/res/font/green_font_0.png"
  },
  "5add8e17-1dca-48f9-90ec-382fcb6f0e91": {
    "asset": 1481877301000,
    "meta": 1482893771000,
    "relativePath": "resources/Games/Yingsanzhang/res/font/yingsanzhang-huang.fnt"
  },
  "0f09c43f-1ba5-4202-a44a-82dbf3b5bfba": {
    "asset": 1481877301000,
    "meta": 1482893978000,
    "relativePath": "resources/Games/Yingsanzhang/res/font/yingsanzhang-huang_0.png"
  },
  "92682b41-56a1-4e4a-9374-95d606e90eb5": {
    "asset": 1481877301000,
    "meta": 1482893771000,
    "relativePath": "resources/Games/Yingsanzhang/res/font/yingsanzhang-hui.fnt"
  },
  "dbf1b6b0-2ff1-4b44-ba23-a305dcf6c16f": {
    "asset": 1482893969000,
    "meta": 1482893978000,
    "relativePath": "resources/Games/Yingsanzhang/res/image"
  },
  "2bd3716c-50aa-498e-b509-6ada022f2923": {
    "asset": 1482803133000,
    "meta": 1482893978000,
    "relativePath": "resources/Games/Yingsanzhang/res/image/base"
  },
  "a937db6e-2d9c-4526-81fd-79f74bfe75aa": {
    "asset": 1481877301000,
    "meta": 1482893978000,
    "relativePath": "resources/Games/Yingsanzhang/res/font/yingsanzhang-hui_0.png"
  },
  "e1858ccb-a2ac-4cf5-8aa0-7558e1bc7c9d": {
    "asset": 1481877302000,
    "meta": 1482893978000,
    "relativePath": "resources/Games/Yingsanzhang/res/image/base/bg_tip.png"
  },
  "31f19543-365f-4431-a535-e9f408638d60": {
    "asset": 1481877302000,
    "meta": 1482893978000,
    "relativePath": "resources/Games/Yingsanzhang/res/image/base/btn_bg.png"
  },
  "ced6ba6d-4415-4606-9b75-e3e38b25c86c": {
    "asset": 1481877302000,
    "meta": 1482893978000,
    "relativePath": "resources/Games/Yingsanzhang/res/image/base/icon_back.png"
  },
  "9536d7a8-056c-482a-a84f-344efdbafccf": {
    "asset": 1481877302000,
    "meta": 1482893978000,
    "relativePath": "resources/Games/Yingsanzhang/res/image/base/icon_setting.png"
  },
  "9577433b-aa3b-48d5-8d98-4908426442a7": {
    "asset": 1481877302000,
    "meta": 1482893978000,
    "relativePath": "resources/Games/Yingsanzhang/res/image/base/background.png"
  },
  "502499f2-248a-4279-982a-9ba6f276ee87": {
    "asset": 1481877302000,
    "meta": 1482893978000,
    "relativePath": "resources/Games/Yingsanzhang/res/image/base/logo.png"
  },
  "ce955006-d703-4b28-bdcd-37b7416fed7e": {
    "asset": 1481877302000,
    "meta": 1482893979000,
    "relativePath": "resources/Games/Yingsanzhang/res/image/base/mask.png"
  },
  "884bdcdf-33aa-4f17-a0ee-15c820f4408b": {
    "asset": 1481877302000,
    "meta": 1482893979000,
    "relativePath": "resources/Games/Yingsanzhang/res/image/base/progressBar.png"
  },
  "ddfd0ce0-1450-41ed-a85e-a56d693bb415": {
    "asset": 1481877302000,
    "meta": 1482893979000,
    "relativePath": "resources/Games/Yingsanzhang/res/image/base/progressBG.png"
  },
  "7462f7ec-baa6-4693-bd7f-0f1ed6d56cbc": {
    "asset": 1481877302000,
    "meta": 1482893979000,
    "relativePath": "resources/Games/Yingsanzhang/res/image/base/topBG.png"
  },
  "5c99de6d-0fee-43de-b7d2-e0892f506e9a": {
    "asset": 1481877302000,
    "meta": 1482893979000,
    "relativePath": "resources/Games/Yingsanzhang/res/image/base/table.png"
  },
  "6b99f254-a9c6-4781-b3b8-442a42003c00": {
    "asset": 1482803063000,
    "meta": 1482893979000,
    "relativePath": "resources/Games/Yingsanzhang/res/image/sceneHome"
  },
  "841c0400-363b-493e-8494-6fdf2f58bbf7": {
    "asset": 1482803071000,
    "meta": 1482893979000,
    "relativePath": "resources/Games/Yingsanzhang/res/image/sceneWait"
  },
  "294a79fc-d348-4bd9-852e-c94b5d9edf36": {
    "asset": 1482805585000,
    "meta": 1482893979000,
    "relativePath": "resources/Games/Yingsanzhang/res/image/sceneWar"
  },
  "0735fad4-fd01-48df-90ff-54341d10ebc0": {
    "asset": 1482803231000,
    "meta": 1482893979000,
    "relativePath": "resources/Games/Yingsanzhang/res/image/sceneWar/back1.png"
  },
  "8a0a04ec-8fa4-42c3-ba05-90e5d8fbb7ab": {
    "asset": 1482803233000,
    "meta": 1482893979000,
    "relativePath": "resources/Games/Yingsanzhang/res/image/sceneWar/back2.png"
  },
  "47608087-dab8-49b1-87b8-8dd17203c004": {
    "asset": 1481877302000,
    "meta": 1482893979000,
    "relativePath": "resources/Games/Yingsanzhang/res/image/base/war_bg.png"
  },
  "695fc846-d442-4e88-8175-ee625f446d96": {
    "asset": 1482803245000,
    "meta": 1482893979000,
    "relativePath": "resources/Games/Yingsanzhang/res/image/sceneWar/box.png"
  },
  "eae0c4b9-bbbd-4c98-a469-24e237a83be0": {
    "asset": 1482803317000,
    "meta": 1482893979000,
    "relativePath": "resources/Games/Yingsanzhang/res/image/sceneWar/change.png"
  },
  "fa814c93-df8b-4145-9e0e-c45db004d1bc": {
    "asset": 1482803842000,
    "meta": 1482893979000,
    "relativePath": "resources/Games/Yingsanzhang/res/image/sceneWar/dialog.png"
  },
  "151baf2a-0754-48d2-89c1-4aef3ff42638": {
    "asset": 1482804074000,
    "meta": 1482893979000,
    "relativePath": "resources/Games/Yingsanzhang/res/image/sceneWar/menuBG.png"
  },
  "55b593bb-9c97-4a9b-934e-198a87c93d16": {
    "asset": 1482803854000,
    "meta": 1482893979000,
    "relativePath": "resources/Games/Yingsanzhang/res/image/sceneWar/notice.png"
  },
  "d6379a7c-cc4a-456b-81e5-e8e48a13eb6c": {
    "asset": 1482804334000,
    "meta": 1482893979000,
    "relativePath": "resources/Games/Yingsanzhang/res/image/sceneWar/noticeBG.png"
  },
  "70a0ddd7-4989-43cb-af6c-cb04b4f00f02": {
    "asset": 1482803222000,
    "meta": 1482893979000,
    "relativePath": "resources/Games/Yingsanzhang/res/image/sceneWar/sign.png"
  },
  "9d00b012-a549-47d6-9ed8-34133ae6ae32": {
    "asset": 1482804161000,
    "meta": 1482893979000,
    "relativePath": "resources/Games/Yingsanzhang/res/image/sceneWar/split.png"
  },
  "45926b9e-95be-4d6f-a78a-c0bc13640d84": {
    "asset": 1482804251000,
    "meta": 1482893979000,
    "relativePath": "resources/Games/Yingsanzhang/res/image/sceneWar/timeBG.png"
  },
  "0b8a6335-31f5-4a2a-ae8e-d44392fcf2ae": {
    "asset": 1482893969000,
    "meta": 1482893979000,
    "relativePath": "resources/Games/Yingsanzhang/res/prefab"
  },
  "493a03d5-c375-42ba-beb7-bfaae1ba5ad0": {
    "asset": 1482893969000,
    "meta": 1482893979000,
    "relativePath": "resources/Games/Yingsanzhang/res/prefab/Card"
  },
  "9cae9a14-945c-42e5-8b1d-5a76444aeb23": {
    "asset": 1482894451000,
    "meta": 1482894451000,
    "relativePath": "resources/Games/Yingsanzhang/res/prefab/Card/Card.prefab"
  },
  "393f6abe-dcda-4eb1-b543-56fa6bf7dcba": {
    "asset": 1482845496000,
    "meta": 1482893979000,
    "relativePath": "resources/Games/Yingsanzhang/res/prefab/Card/image"
  },
  "4a302a3e-128c-4554-9435-a5444b39b564": {
    "asset": 1482805200000,
    "meta": 1482893979000,
    "relativePath": "resources/Games/Yingsanzhang/res/image/sceneWar/warBG.png"
  },
  "750cb22e-1767-4281-940b-9f207d28988d": {
    "asset": 1481877301000,
    "meta": 1482893979000,
    "relativePath": "resources/Games/Yingsanzhang/res/prefab/Card/image/big_puke_kind_1.png"
  },
  "a56a3ded-61ff-45a2-b733-c0e3302ed3d0": {
    "asset": 1481877301000,
    "meta": 1482893979000,
    "relativePath": "resources/Games/Yingsanzhang/res/prefab/Card/image/big_joker.png"
  },
  "7d503282-fdc8-46aa-a4d1-d2dc7e6538bb": {
    "asset": 1481877301000,
    "meta": 1482893979000,
    "relativePath": "resources/Games/Yingsanzhang/res/prefab/Card/image/big_puke_kind_2.png"
  },
  "b6d9d36e-04fc-4d32-9ff4-6bf103503b9b": {
    "asset": 1481877301000,
    "meta": 1482893979000,
    "relativePath": "resources/Games/Yingsanzhang/res/prefab/Card/image/big_puke_kind_3.png"
  },
  "b2a63013-1c8b-4b27-ab7f-0b7a93701982": {
    "asset": 1481877301000,
    "meta": 1482893979000,
    "relativePath": "resources/Games/Yingsanzhang/res/prefab/Card/image/black_flag"
  },
  "451cf9f8-049a-4953-8076-74719d621c27": {
    "asset": 1481877301000,
    "meta": 1482893979000,
    "relativePath": "resources/Games/Yingsanzhang/res/prefab/Card/image/big_puke_kind_4.png"
  },
  "d963a971-3fe4-4bc3-92b8-18bef94b026c": {
    "asset": 1481877301000,
    "meta": 1482893979000,
    "relativePath": "resources/Games/Yingsanzhang/res/prefab/Card/image/black_flag/h1.png"
  },
  "3f9828c8-dd2b-4053-b2f3-31030e48a581": {
    "asset": 1481877301000,
    "meta": 1482893979000,
    "relativePath": "resources/Games/Yingsanzhang/res/prefab/Card/image/black_flag/h10.png"
  },
  "da56508c-be82-4c2d-a124-71f50d341e11": {
    "asset": 1481877301000,
    "meta": 1482893979000,
    "relativePath": "resources/Games/Yingsanzhang/res/prefab/Card/image/black_flag/h11.png"
  },
  "16785766-89e8-49ff-9b21-6e7624d54982": {
    "asset": 1481877301000,
    "meta": 1482893979000,
    "relativePath": "resources/Games/Yingsanzhang/res/prefab/Card/image/black_flag/h13.png"
  },
  "5e379527-a1e3-4404-a9f6-4cfeabda028b": {
    "asset": 1481877301000,
    "meta": 1482893979000,
    "relativePath": "resources/Games/Yingsanzhang/res/prefab/Card/image/black_flag/h12.png"
  },
  "fc4370b5-05e7-4b81-992a-dd2084ee677a": {
    "asset": 1481877301000,
    "meta": 1482893979000,
    "relativePath": "resources/Games/Yingsanzhang/res/prefab/Card/image/black_flag/h2.png"
  },
  "b6a82eb4-2e87-435d-a4a6-f26004d6f2dc": {
    "asset": 1481877301000,
    "meta": 1482893979000,
    "relativePath": "resources/Games/Yingsanzhang/res/prefab/Card/image/black_flag/h3.png"
  },
  "c37ebd9d-89a7-4aba-b1a7-f1ab57af902f": {
    "asset": 1481877301000,
    "meta": 1482893979000,
    "relativePath": "resources/Games/Yingsanzhang/res/prefab/Card/image/black_flag/h5.png"
  },
  "8eaa4443-6b3a-4bcb-98a6-f7b88f65c2c6": {
    "asset": 1481877301000,
    "meta": 1482893979000,
    "relativePath": "resources/Games/Yingsanzhang/res/prefab/Card/image/black_flag/h4.png"
  },
  "3596d0d8-8002-4ec4-8127-dde479d7e24a": {
    "asset": 1481877301000,
    "meta": 1482893979000,
    "relativePath": "resources/Games/Yingsanzhang/res/prefab/Card/image/black_flag/h7.png"
  },
  "a8cfb483-7f99-4950-82c3-8d22fe82c3c9": {
    "asset": 1481877301000,
    "meta": 1482893979000,
    "relativePath": "resources/Games/Yingsanzhang/res/prefab/Card/image/black_flag/h6.png"
  },
  "35a07b58-65f3-4fa9-92f5-9a0042b2bcff": {
    "asset": 1481877301000,
    "meta": 1482893979000,
    "relativePath": "resources/Games/Yingsanzhang/res/prefab/Card/image/black_flag/h8.png"
  },
  "1a32bf66-6ad5-47c5-ba80-673064d13d69": {
    "asset": 1481877301000,
    "meta": 1482893979000,
    "relativePath": "resources/Games/Yingsanzhang/res/prefab/Card/image/black_flag/h9.png"
  },
  "157daa78-d033-4672-b27c-8fd15f48b0fa": {
    "asset": 1481877301000,
    "meta": 1482893979000,
    "relativePath": "resources/Games/Yingsanzhang/res/prefab/Card/image/red_flag"
  },
  "dc3de303-5668-4861-b731-a455cd2e2f4e": {
    "asset": 1481877301000,
    "meta": 1482893979000,
    "relativePath": "resources/Games/Yingsanzhang/res/prefab/Card/image/red_flag/h1.png"
  },
  "78cae137-74ef-49f4-8521-28b2f63cbe6d": {
    "asset": 1481877301000,
    "meta": 1482893979000,
    "relativePath": "resources/Games/Yingsanzhang/res/prefab/Card/image/face.png"
  },
  "35d8ad27-5a11-412f-8632-877dbcf657ac": {
    "asset": 1481877301000,
    "meta": 1482893979000,
    "relativePath": "resources/Games/Yingsanzhang/res/prefab/Card/image/red_flag/h10.png"
  },
  "10b5b83c-8d68-4d2c-9150-060c11250eee": {
    "asset": 1481877301000,
    "meta": 1482893979000,
    "relativePath": "resources/Games/Yingsanzhang/res/prefab/Card/image/red_flag/h11.png"
  },
  "56e5d024-3cc7-4033-b319-40b69ba00d6f": {
    "asset": 1481877301000,
    "meta": 1482893979000,
    "relativePath": "resources/Games/Yingsanzhang/res/prefab/Card/image/red_flag/h13.png"
  },
  "d83921a8-a8f4-4d79-9329-3540bc3cfaba": {
    "asset": 1481877301000,
    "meta": 1482893979000,
    "relativePath": "resources/Games/Yingsanzhang/res/prefab/Card/image/red_flag/h12.png"
  },
  "db7fd3fa-5f8b-4a07-835e-83aee11916eb": {
    "asset": 1481877301000,
    "meta": 1482893979000,
    "relativePath": "resources/Games/Yingsanzhang/res/prefab/Card/image/red_flag/h2.png"
  },
  "9b9a4d7e-aba5-4f65-afcf-c6cdd3879017": {
    "asset": 1481877301000,
    "meta": 1482893979000,
    "relativePath": "resources/Games/Yingsanzhang/res/prefab/Card/image/red_flag/h3.png"
  },
  "7e47659b-4028-4fbb-a866-96e2485eaf8a": {
    "asset": 1481877301000,
    "meta": 1482893979000,
    "relativePath": "resources/Games/Yingsanzhang/res/prefab/Card/image/red_flag/h4.png"
  },
  "37a823c0-9144-4ebb-9e6c-82d9151c1d1a": {
    "asset": 1481877301000,
    "meta": 1482893979000,
    "relativePath": "resources/Games/Yingsanzhang/res/prefab/Card/image/red_flag/h5.png"
  },
  "e365f529-e971-4265-9ec6-6930e4639a64": {
    "asset": 1481877301000,
    "meta": 1482893979000,
    "relativePath": "resources/Games/Yingsanzhang/res/prefab/Card/image/red_flag/h7.png"
  },
  "15c8b5e8-a968-4553-89ca-22b5a8318b94": {
    "asset": 1481877301000,
    "meta": 1482893979000,
    "relativePath": "resources/Games/Yingsanzhang/res/prefab/Card/image/red_flag/h6.png"
  },
  "786d20fc-9132-4720-a68e-82be4b036aa7": {
    "asset": 1481877301000,
    "meta": 1482893980000,
    "relativePath": "resources/Games/Yingsanzhang/res/prefab/Card/image/red_flag/h8.png"
  },
  "b7d5b60d-65f0-4a07-b0c3-832260d06a9c": {
    "asset": 1481877301000,
    "meta": 1482893980000,
    "relativePath": "resources/Games/Yingsanzhang/res/prefab/Card/image/red_flag/h9.png"
  },
  "01095d7c-daa1-4120-bf4a-9ff0e026c5e0": {
    "asset": 1481877301000,
    "meta": 1482893980000,
    "relativePath": "resources/Games/Yingsanzhang/res/prefab/Card/image/small_puke_kind_1.png"
  },
  "b342c1a8-bcd2-4506-8dc4-59130b090f8f": {
    "asset": 1481877301000,
    "meta": 1482893980000,
    "relativePath": "resources/Games/Yingsanzhang/res/prefab/Card/image/small_joker.png"
  },
  "8b75b416-1688-4959-a474-1f394f2fdc71": {
    "asset": 1481877301000,
    "meta": 1482893980000,
    "relativePath": "resources/Games/Yingsanzhang/res/prefab/Card/image/small_puke_kind_2.png"
  },
  "77daae9e-2b96-4478-9816-c0256f5f1e13": {
    "asset": 1481877301000,
    "meta": 1482893980000,
    "relativePath": "resources/Games/Yingsanzhang/res/prefab/Card/image/small_puke_kind_3.png"
  },
  "c1942556-b256-41aa-bbe1-594cacdf03be": {
    "asset": 1481877301000,
    "meta": 1482893980000,
    "relativePath": "resources/Games/Yingsanzhang/res/prefab/Card/image/small_puke_kind_4.png"
  },
  "9d20b608-3f7a-47d2-82aa-fe1e75424dcc": {
    "asset": 1482893969000,
    "meta": 1482893980000,
    "relativePath": "resources/Games/Yingsanzhang/res/prefab/classicsItem"
  },
  "76d8f562-d509-491a-b64c-3bd370178a78": {
    "asset": 1482550833000,
    "meta": 1482893980000,
    "relativePath": "resources/Games/Yingsanzhang/res/prefab/classicsItem/image"
  },
  "20f8061d-9c9a-4adc-bc04-77f49706af53": {
    "asset": 1482892559000,
    "meta": 1482893980000,
    "relativePath": "resources/Games/Yingsanzhang/res/prefab/classicsItem/Yingsanzhang_classicsItem.js"
  },
  "c01dee4e-7d8b-4ebc-bc8e-4b7522153b41": {
    "asset": 1482893969000,
    "meta": 1482893980000,
    "relativePath": "resources/Games/Yingsanzhang/res/prefab/Player"
  },
  "aaca9288-3e56-437a-ad45-ae036cfb8710": {
    "asset": 1482835893000,
    "meta": 1482893980000,
    "relativePath": "resources/Games/Yingsanzhang/res/prefab/Player/image"
  },
  "4215624a-7c6d-41f7-94bf-48d46634a6af": {
    "asset": 1483076865000,
    "meta": 1483076865000,
    "relativePath": "resources/Games/Yingsanzhang/res/prefab/Player/Player.prefab"
  },
  "e6b3b50d-691e-48c2-9550-d0c1eaba8e16": {
    "asset": 1482835893000,
    "meta": 1482893980000,
    "relativePath": "resources/Games/Yingsanzhang/res/prefab/Player/image/background.png"
  },
  "6dc8ffb7-870a-40fe-b0c9-b1d0ff39f8dd": {
    "asset": 1482893969000,
    "meta": 1482893980000,
    "relativePath": "resources/Games/Yingsanzhang/scene"
  },
  "aa74e892-0d5f-485d-a5d7-6a4e90ad134b": {
    "asset": 1482893969000,
    "meta": 1482893980000,
    "relativePath": "resources/Games/Yingsanzhang/scene/sceneHome"
  },
  "cf1d20fb-3353-40b9-912e-8c3a0c0cfd43": {
    "asset": 1482916576000,
    "meta": 1482916576000,
    "relativePath": "resources/Games/Yingsanzhang/scene/sceneHome/Yingsanzhang_home.fire"
  },
  "c21d1591-e664-4125-b1aa-aa170933b036": {
    "asset": 1482894171000,
    "meta": 1482895286000,
    "relativePath": "resources/Games/Yingsanzhang/scene/sceneWaitMatch"
  },
  "77524c05-35a5-4267-a1e6-ff34dec2d8fd": {
    "asset": 1482892594000,
    "meta": 1482893980000,
    "relativePath": "resources/Games/Yingsanzhang/scene/sceneWaitMatch/Yingsanzhang_gameWait.fire"
  },
  "f60beab6-cbd5-4ccb-833c-9a5a7d69dd4a": {
    "asset": 1482892599000,
    "meta": 1482893980000,
    "relativePath": "resources/Games/Yingsanzhang/scene/sceneWaitMatch/Yingsanzhang_gameWait.js"
  },
  "ed9fde98-2992-460a-bb37-a99e17f4d022": {
    "asset": 1482893969000,
    "meta": 1482893980000,
    "relativePath": "resources/Games/Yingsanzhang/scene/sceneWar"
  },
  "01b4d667-4098-41c8-8db8-f06e124e6585": {
    "asset": 1482892607000,
    "meta": 1482893980000,
    "relativePath": "resources/Games/Yingsanzhang/scene/sceneWar/Yingsanzhang_AnimUI.js"
  },
  "13d391c0-6111-4002-83a8-5a1b158ddf72": {
    "asset": 1482892611000,
    "meta": 1482893980000,
    "relativePath": "resources/Games/Yingsanzhang/scene/sceneWar/Yingsanzhang_EndUI.js"
  },
  "a54ad950-acf0-4d1e-af5e-2f76cdf35cd8": {
    "asset": 1482715044000,
    "meta": 1482893980000,
    "relativePath": "resources/Games/Yingsanzhang/scene/sceneWar/progress.png"
  },
  "fb85205c-fd5f-4e46-99b1-be731630f48b": {
    "asset": 1483078225000,
    "meta": 1483078225000,
    "relativePath": "resources/Games/Yingsanzhang/scene/sceneWar/Yingsanzhang_war.fire"
  },
  "fa92e32b-1d59-4b7e-a8bd-4ab9553b7d64": {
    "asset": 1482893969000,
    "meta": 1482893980000,
    "relativePath": "resources/Games/Yingsanzhang/src"
  },
  "53b9b1e0-a9c1-4b4f-af2a-d73960332bba": {
    "asset": 1482896713000,
    "meta": 1482896713000,
    "relativePath": "resources/Games/Yingsanzhang/res/prefab/Card/image/back.png"
  },
  "f01117cb-d920-4a57-a534-ea0187c53113": {
    "asset": 1482896713000,
    "meta": 1482896713000,
    "relativePath": "resources/Games/Yingsanzhang/res/prefab/Card/image/backGray.png"
  },
  "5a701ba1-ee81-417a-8da2-9fedff9c79bf": {
    "asset": 1482896773000,
    "meta": 1482896773000,
    "relativePath": "resources/Games/Yingsanzhang/res/prefab/Player/image/bet_red_small.png"
  },
  "88314028-07ce-423b-b6ba-291d2f6832c6": {
    "asset": 1482896797000,
    "meta": 1482896797000,
    "relativePath": "resources/Games/Yingsanzhang/res/prefab/Player/image/head1.png"
  },
  "254e0e74-f329-401e-809d-f09e1085747b": {
    "asset": 1482897011000,
    "meta": 1482897011000,
    "relativePath": "resources/Games/Yingsanzhang/res/prefab/Player/image/head_bg.png"
  },
  "90ab1358-a29f-4d10-ad03-4e159c12ed07": {
    "asset": 1482897049000,
    "meta": 1482903813000,
    "relativePath": "resources/Games/Yingsanzhang/res/prefab/Player/image/liewen.png"
  },
  "ce4682cf-a196-4d17-96fb-d6aadf2bf655": {
    "asset": 1482903685000,
    "meta": 1482903685000,
    "relativePath": "resources/Games/Yingsanzhang/res/image/sceneWar/bacground.png"
  },
  "7d910d2d-1aac-44a6-a6e0-31f63a9c60b9": {
    "asset": 1482903692000,
    "meta": 1482903692000,
    "relativePath": "resources/Games/Yingsanzhang/res/image/sceneWar/zhuang.png"
  },
  "e3dd8071-2abd-42a1-837b-064ff36cca61": {
    "asset": 1482904381000,
    "meta": 1482904390000,
    "relativePath": "resources/Games/Yingsanzhang/res/prefab/Card/Yingsanzhang_Card.js"
  },
  "0665f5d4-37f4-4589-a065-9171167ebff7": {
    "asset": 1482905082000,
    "meta": 1482905082000,
    "relativePath": "resources/Games/Yingsanzhang/res/image/sceneWar/button_hl.png"
  },
  "d8358c57-a94f-476c-b9e4-615b6d0d1650": {
    "asset": 1482905082000,
    "meta": 1482905082000,
    "relativePath": "resources/Games/Yingsanzhang/res/image/sceneWar/button_normal.png"
  },
  "be3505d5-7232-4863-9431-06f843c7d881": {
    "asset": 1482905082000,
    "meta": 1482905082000,
    "relativePath": "resources/Games/Yingsanzhang/res/image/sceneWar/button_disable.png"
  },
  "dc5b654c-098a-40e2-afa9-92bd97df2bad": {
    "asset": 1482905307000,
    "meta": 1482905307000,
    "relativePath": "resources/Games/Yingsanzhang/res/image/sceneWar/chat.png"
  },
  "1d6ebe97-e127-4579-9e40-6c33b579fb36": {
    "asset": 1482905348000,
    "meta": 1482905348000,
    "relativePath": "resources/Games/Yingsanzhang/res/image/sceneWar/exit.png"
  },
  "f580b829-9f8a-4b77-b1c2-943e9b91bbc3": {
    "asset": 1482905361000,
    "meta": 1482905361000,
    "relativePath": "resources/Games/Yingsanzhang/res/image/sceneWar/help.png"
  },
  "454a06e4-e3eb-4b8e-ab80-87d67ef91b6a": {
    "asset": 1482905423000,
    "meta": 1482905423000,
    "relativePath": "resources/Games/Yingsanzhang/res/image/sceneWar/set.png"
  },
  "8be908a0-9b6b-4ab6-856b-852d75a8382e": {
    "asset": 1482905637000,
    "meta": 1482905637000,
    "relativePath": "resources/Games/Yingsanzhang/res/image/sceneWar/bet_bg_dark.png"
  },
  "3023ed02-7e7b-4b24-abaf-9f3217c31943": {
    "asset": 1482893563000,
    "meta": 1482906429000,
    "relativePath": "resources/Games/Yingsanzhang/res/prefab/Player/image/discard.png"
  },
  "6b08e53c-d63d-4151-9a74-6a845a039603": {
    "asset": 1482893556000,
    "meta": 1482906429000,
    "relativePath": "resources/Games/Yingsanzhang/res/prefab/Player/image/look.png"
  },
  "90852753-b411-4f74-9e59-5710ea6d8bf9": {
    "asset": 1482893538000,
    "meta": 1482908171000,
    "relativePath": "resources/Games/Yingsanzhang/res/prefab/Player/image/add_bet.png"
  },
  "f78f8bdb-6f14-4aa8-b121-e1b40e171db5": {
    "asset": 1482893544000,
    "meta": 1482908171000,
    "relativePath": "resources/Games/Yingsanzhang/res/prefab/Player/image/follow_bet.png"
  },
  "94b2edca-e118-43c0-9dca-2cb530792c3f": {
    "asset": 1482893563000,
    "meta": 1482909112000,
    "relativePath": "resources/Games/Yingsanzhang/res/prefab/Player/image/lose.png"
  },
  "c6a3f802-f261-46be-aa14-346f202a5181": {
    "asset": 1482919160000,
    "meta": 1482919160000,
    "relativePath": "resources/Games/Yingsanzhang/res/prefab/Bet"
  },
  "848bfc37-97f4-49b1-8002-d58658374e64": {
    "asset": 1482919191000,
    "meta": 1482919191000,
    "relativePath": "resources/Games/Yingsanzhang/res/prefab/Bet/image"
  },
  "45ccc4d4-c7e4-4d41-84db-e6025abdce4b": {
    "asset": 1482919298000,
    "meta": 1482919298000,
    "relativePath": "resources/Games/Yingsanzhang/res/prefab/Bet/image/bet_org.png"
  },
  "5b0638b0-6bb7-47a4-acad-be6a506dde04": {
    "asset": 1482919303000,
    "meta": 1482919303000,
    "relativePath": "resources/Games/Yingsanzhang/res/prefab/Bet/image/bet_green.png"
  },
  "e809d678-82c9-43ce-aee0-481c8d904244": {
    "asset": 1482919305000,
    "meta": 1482919305000,
    "relativePath": "resources/Games/Yingsanzhang/res/prefab/Bet/image/bet_red.png"
  },
  "99c377a6-e007-40cd-b830-91306dcf9e16": {
    "asset": 1482927710000,
    "meta": 1482927710000,
    "relativePath": "resources/Games/Yingsanzhang/res/prefab/Bet/Bet.prefab"
  },
  "1ce0639e-af14-4c1f-be73-b4c57a4d5450": {
    "asset": 1482927956000,
    "meta": 1482927959000,
    "relativePath": "resources/Games/Yingsanzhang/res/prefab/Bet/Yingsanzhang_Bet.js"
  },
  "f0a99a3d-f298-4b46-9298-db17fc34733d": {
    "asset": 1482980204000,
    "meta": 1482981053000,
    "relativePath": "resources/common/jsonConf/Platform"
  },
  "c334729b-1fcb-46c4-a8a9-f2b586a56882": {
    "asset": 1482891364000,
    "meta": 1482980204000,
    "relativePath": "resources/common/jsonConf/Platform/other.json"
  },
  "c9cc37f4-0340-436e-bce7-6fd3dfeab096": {
    "asset": 1482979970000,
    "meta": 1482980204000,
    "relativePath": "resources/common/jsonConf/Platform/t_game_node.json"
  },
  "b74a1d22-bbae-4ec8-85d6-08db773d4ebb": {
    "asset": 1482979970000,
    "meta": 1482980204000,
    "relativePath": "resources/common/jsonConf/Platform/t_game_room.json"
  },
  "b0617b8c-f348-41d9-89f2-cec844685b6b": {
    "asset": 1482891364000,
    "meta": 1482980204000,
    "relativePath": "resources/common/jsonConf/Platform/t_game_type.json"
  },
  "b078fd48-e8f3-4a29-b068-19976957a948": {
    "asset": 1482979970000,
    "meta": 1482980204000,
    "relativePath": "resources/common/jsonConf/Platform/t_room_area.json"
  },
  "47bc5cb3-0842-47a4-aae7-fff6f379d38e": {
    "asset": 1482979970000,
    "meta": 1482980204000,
    "relativePath": "resources/common/jsonConf/Platform/t_server_info.json"
  },
  "0e5759c6-3a72-41ba-9a39-c4b0e6dc588f": {
    "asset": 1482998993000,
    "meta": 1482999000000,
    "relativePath": "Global/service/data/ConfData.js"
  },
  "2747f592-6fe3-4474-b0f8-97b822ca62e9": {
    "asset": 1482911230000,
    "meta": 1482999000000,
    "relativePath": "resources/Games/Yingsanzhang/scene/sceneLogon"
  },
  "37b2a668-c22f-4146-b3ef-705e821c60da": {
    "asset": 1482283659000,
    "meta": 1482999000000,
    "relativePath": "resources/Games/Yingsanzhang/scene/sceneLogon/logon.fire"
  },
  "c5414734-5748-4b40-9b50-aef6b4d08a44": {
    "asset": 1482242942000,
    "meta": 1482999001000,
    "relativePath": "resources/Games/Yingsanzhang/scene/sceneLogon/LogonUI.js"
  },
  "66d26fa8-123e-40e9-b312-b6571d23307c": {
    "asset": 1483001496000,
    "meta": 1483001838000,
    "relativePath": "Global/service/MessageHandle.js"
  },
  "b99f48f0-1c62-4117-9196-4fb55744da0c": {
    "asset": 1483010083000,
    "meta": 1483010213000,
    "relativePath": "Global/service/GlobalManager.js"
  },
  "ee284b19-d0bd-4cea-aed0-680c05ac11bb": {
    "asset": 1483011695000,
    "meta": 1483011749000,
    "relativePath": "resources/Games/Yingsanzhang/res/prefab/Player/image/progressBar.png"
  },
  "5f83cc9d-8e74-4043-aa4b-85782f38e470": {
    "asset": 1483065309000,
    "meta": 1482980204000,
    "relativePath": "resources/common/jsonConf/Platform/t_game_kind.json"
  },
  "6309f851-2f5f-4ef2-b6d1-18b6a78ea1a7": {
    "asset": 1483064663000,
    "meta": 1483065345000,
    "relativePath": "resources/Games/Yingsanzhang/scene/sceneHome/Yingsanzhang_HomeUI.js"
  },
  "662a390c-7a12-466f-aa64-23152c763ce2": {
    "asset": 1483066662000,
    "meta": 1483066673000,
    "relativePath": "resources/Games/Yingsanzhang/src/YingsanzhangGameController.js"
  },
  "9d0d02ca-5e2f-44fb-bc36-9f78e0b5f6e7": {
    "asset": 1483078210000,
    "meta": 1483078217000,
    "relativePath": "resources/Games/Yingsanzhang/scene/sceneWar/Yingsanzhang_MyController.js"
  },
  "01991b1a-3237-4603-8f63-2611c4189c7e": {
    "asset": 1483078768000,
    "meta": 1483078771000,
    "relativePath": "resources/Games/Yingsanzhang/scene/sceneWar/Yingsanzhang_PlayersUI.js"
  },
  "5edca401-b006-42a8-8347-6f7c1bd6dae2": {
    "asset": 1483079089000,
    "meta": 1483079094000,
    "relativePath": "resources/Games/Yingsanzhang/src/YingsanzhangConstDef.js"
  },
  "5499e856-5640-49f9-a4e7-90701bfed0cc": {
    "asset": 1483079121000,
    "meta": 1483079126000,
    "relativePath": "resources/Games/Yingsanzhang/res/prefab/Player/Yingsanzhang_Player.js"
  },
  "f8e6b000-5643-4b86-9080-aa680ce1f599": {
    "asset": 1479701112000,
    "meta": 1483088909000,
    "relativePath": "image"
  },
  "71561142-4c83-4933-afca-cb7a17f67053": {
    "asset": 1479701112000,
    "meta": 1483088909000,
    "relativePath": "image/default_btn_disabled.png"
  },
  "e851e89b-faa2-4484-bea6-5c01dd9f06e2": {
    "asset": 1479701112000,
    "meta": 1483088909000,
    "relativePath": "image/default_btn_normal.png"
  },
  "d81ec8ad-247c-4e62-aa3c-d35c4193c7af": {
    "asset": 1479701112000,
    "meta": 1483088909000,
    "relativePath": "image/default_panel.png"
  },
  "b43ff3c2-02bb-4874-81f7-f2dea6970f18": {
    "asset": 1479701112000,
    "meta": 1483088909000,
    "relativePath": "image/default_btn_pressed.png"
  },
  "99170b0b-d210-46f1-b213-7d9e3f23098a": {
    "asset": 1479701112000,
    "meta": 1483088909000,
    "relativePath": "image/default_progressbar_bg.png"
  },
  "cfef78f1-c8df-49b7-8ed0-4c953ace2621": {
    "asset": 1479701112000,
    "meta": 1483088909000,
    "relativePath": "image/default_progressbar.png"
  },
  "567dcd80-8bf4-4535-8a5a-313f1caf078a": {
    "asset": 1479701112000,
    "meta": 1483088909000,
    "relativePath": "image/default_radio_button_off.png"
  },
  "9d60001f-b5f4-4726-a629-2659e3ded0b8": {
    "asset": 1479701112000,
    "meta": 1483088909000,
    "relativePath": "image/default_radio_button_on.png"
  },
  "4bab67cb-18e6-4099-b840-355f0473f890": {
    "asset": 1479701112000,
    "meta": 1483088909000,
    "relativePath": "image/default_scrollbar_bg.png"
  },
  "617323dd-11f4-4dd3-8eec-0caf6b3b45b9": {
    "asset": 1479701112000,
    "meta": 1483088909000,
    "relativePath": "image/default_scrollbar_vertical_bg.png"
  },
  "d6d3ca85-4681-47c1-b5dd-d036a9d39ea2": {
    "asset": 1479701112000,
    "meta": 1483088909000,
    "relativePath": "image/default_scrollbar_vertical.png"
  },
  "0291c134-b3da-4098-b7b5-e397edbe947f": {
    "asset": 1479701112000,
    "meta": 1483088909000,
    "relativePath": "image/default_scrollbar.png"
  },
  "6e056173-d285-473c-b206-40a7fff5386e": {
    "asset": 1479701112000,
    "meta": 1483088909000,
    "relativePath": "image/default_sprite.png"
  },
  "0275e94c-56a7-410f-bd1a-fc7483f7d14a": {
    "asset": 1479701112000,
    "meta": 1483088909000,
    "relativePath": "image/default_sprite_splash.png"
  },
  "73a0903d-d80e-4e3c-aa67-f999543c08f5": {
    "asset": 1479701112000,
    "meta": 1483088909000,
    "relativePath": "image/default_toggle_checkmark.png"
  },
  "c25b9d50-c8fc-4d27-beeb-6e7c1f2e5c0f": {
    "asset": 1479701112000,
    "meta": 1483088909000,
    "relativePath": "image/default_toggle_disabled.png"
  },
  "d29077ba-1627-4a72-9579-7b56a235340c": {
    "asset": 1479701112000,
    "meta": 1483088909000,
    "relativePath": "image/default_toggle_normal.png"
  },
  "b181c1e4-0a72-4a91-bfb0-ae6f36ca60bd": {
    "asset": 1479701112000,
    "meta": 1483088909000,
    "relativePath": "image/default_toggle_pressed.png"
  },
  "fc09f9bd-2cce-4605-b630-8145ef809ed6": {
    "asset": 1479701112000,
    "meta": 1483088909000,
    "relativePath": "misc"
  },
  "2be36297-9abb-4fee-8049-9ed5e271da8a": {
    "asset": 1479701112000,
    "meta": 1479701112000,
    "relativePath": "misc/default_video.mp4"
  },
  "f6e6dd15-71d1-4ffe-ace7-24fd39942c05": {
    "asset": 1479701112000,
    "meta": 1483088909000,
    "relativePath": "obsolete"
  },
  "b8223619-7e38-47c4-841f-9160c232495a": {
    "asset": 1479701112000,
    "meta": 1479701112000,
    "relativePath": "obsolete/atom.plist"
  },
  "f743d2b6-b7ea-4c14-a55b-547ed4d0a045": {
    "asset": 1479701112000,
    "meta": 1483088909000,
    "relativePath": "particle"
  },
  "b2687ac4-099e-403c-a192-ff477686f4f5": {
    "asset": 1479701112000,
    "meta": 1479701112000,
    "relativePath": "particle/atom.plist"
  },
  "ae6c6c98-11e4-452f-8758-75f5c6a56e83": {
    "asset": 1479701112000,
    "meta": 1483088909000,
    "relativePath": "prefab"
  },
  "972b9a4d-47ee-4c74-b5c3-61d8a69bc29f": {
    "asset": 1479701112000,
    "meta": 1483088910000,
    "relativePath": "prefab/button.prefab"
  },
  "2c937608-2562-40ea-b264-7395df6f0cea": {
    "asset": 1479701112000,
    "meta": 1483088910000,
    "relativePath": "prefab/canvas.prefab"
  },
  "27756ebb-3d33-44b0-9b96-e858fadd4dd4": {
    "asset": 1479701112000,
    "meta": 1483088910000,
    "relativePath": "prefab/label.prefab"
  },
  "61aeb05b-3b32-452b-8eed-2b76deeed554": {
    "asset": 1479701112000,
    "meta": 1483088910000,
    "relativePath": "prefab/editbox.prefab"
  },
  "785a442c-3ceb-45be-a46e-7317f625f3b9": {
    "asset": 1479701112000,
    "meta": 1483088910000,
    "relativePath": "prefab/layout.prefab"
  },
  "ca8401fe-ad6e-41a8-bd46-8e3e4e9945be": {
    "asset": 1479701112000,
    "meta": 1483088910000,
    "relativePath": "prefab/pageview.prefab"
  },
  "cd33edea-55f5-46c2-958d-357a01384a36": {
    "asset": 1479701112000,
    "meta": 1483088910000,
    "relativePath": "prefab/particlesystem.prefab"
  },
  "5965ffac-69da-4b55-bcde-9225d0613c28": {
    "asset": 1479701112000,
    "meta": 1483088910000,
    "relativePath": "prefab/progressBar.prefab"
  },
  "32044bd2-481f-4cf1-a656-e2b2fb1594eb": {
    "asset": 1479701112000,
    "meta": 1483088910000,
    "relativePath": "prefab/scrollview.prefab"
  },
  "4a37dd57-78cd-4cec-aad4-f11a73d12b63": {
    "asset": 1479701112000,
    "meta": 1483088910000,
    "relativePath": "prefab/richtext.prefab"
  },
  "1f55e3be-b89b-4b79-88de-47fd31018044": {
    "asset": 1479701112000,
    "meta": 1483088910000,
    "relativePath": "prefab/sprite_splash.prefab"
  },
  "0004d1cf-a0ad-47d8-ab17-34d3db9d35a3": {
    "asset": 1479701112000,
    "meta": 1483088910000,
    "relativePath": "prefab/slider.prefab"
  },
  "96083d03-c332-4a3f-9386-d03e2d19e8ee": {
    "asset": 1479701112000,
    "meta": 1483088910000,
    "relativePath": "prefab/sprite.prefab"
  },
  "7de03a80-4457-438d-95a7-3e7cdffd6086": {
    "asset": 1479701112000,
    "meta": 1483088910000,
    "relativePath": "prefab/tiledmap.prefab"
  },
  "0d784963-d024-4ea6-a7db-03be0ad63010": {
    "asset": 1479701112000,
    "meta": 1483088910000,
    "relativePath": "prefab/toggle.prefab"
  },
  "bf0a434c-84dd-4a8e-a08a-7a36f180cc75": {
    "asset": 1479701112000,
    "meta": 1483088910000,
    "relativePath": "prefab/toggleGroup.prefab"
  },
  "8c5001fd-07ee-4a4b-a8a0-63e15195e94d": {
    "asset": 1479701112000,
    "meta": 1483088910000,
    "relativePath": "prefab/webview.prefab"
  },
  "232d2782-c4bd-4bb4-9e01-909f03d6d3b9": {
    "asset": 1479701112000,
    "meta": 1483088910000,
    "relativePath": "prefab/videoplayer.prefab"
  },
  "cdd5686d-71d6-4aba-8f32-6fa5254e8e05": {
    "asset": 1483089289000,
    "meta": 1483089289000,
    "relativePath": "resources/Games/Yingsanzhang/scene/sceneWar/Yingsanzhang_WarUI.js"
  },
  "76d56309-5bd7-4b91-9b82-f5d8a4ef5121": {
    "asset": 1483088904000,
    "meta": 1483088913000,
    "relativePath": "resources/Games/Yingsanzhang/src/YingsanzhangGameData.js"
  },
  "96789729-f685-4a77-aff2-6364e539c787": {
    "asset": 1483087605000,
    "meta": 1483088913000,
    "relativePath": "resources/Games/Yingsanzhang/src/YingsanzhangGameMessage.js"
  }
}